source,grain,geography,year,species,metric,count
animal-data-1,movement-year/species,Unspecified shelter coverage,2013,Dog,Adoption events,1
animal-data-1,movement-year/species,Unspecified shelter coverage,2013,Dog,Recorded adoption return events,1
animal-data-1,movement-year/species,Unspecified shelter coverage,2017,Bird,Adoption events,12
animal-data-1,movement-year/species,Unspecified shelter coverage,2017,Bird,Recorded adoption return events,0
animal-data-1,movement-year/species,Unspecified shelter coverage,2017,Cat,Adoption events,1045
animal-data-1,movement-year/species,Unspecified shelter coverage,2017,Cat,Recorded adoption return events,84
animal-data-1,movement-year/species,Unspecified shelter coverage,2017,Chicken,Adoption events,1
animal-data-1,movement-year/species,Unspecified shelter coverage,2017,Chicken,Recorded adoption return events,0
animal-data-1,movement-year/species,Unspecified shelter coverage,2017,Chinchilla,Adoption events,1
animal-data-1,movement-year/species,Unspecified shelter coverage,2017,Chinchilla,Recorded adoption return events,0
animal-data-1,movement-year/species,Unspecified shelter coverage,2017,Dog,Adoption events,647
animal-data-1,movement-year/species,Unspecified shelter coverage,2017,Dog,Recorded adoption return events,133
animal-data-1,movement-year/species,Unspecified shelter coverage,2017,Gerbil,Adoption events,9
animal-data-1,movement-year/species,Unspecified shelter coverage,2017,Gerbil,Recorded adoption return events,0
animal-data-1,movement-year/species,Unspecified shelter coverage,2017,Guinea Pig,Adoption events,24
animal-data-1,movement-year/species,Unspecified shelter coverage,2017,Guinea Pig,Recorded adoption return events,0
animal-data-1,movement-year/species,Unspecified shelter coverage,2017,Hamster,Adoption events,1
animal-data-1,movement-year/species,Unspecified shelter coverage,2017,Hamster,Recorded adoption return events,0
animal-data-1,movement-year/species,Unspecified shelter coverage,2017,Hedgehog,Adoption events,1
animal-data-1,movement-year/species,Unspecified shelter coverage,2017,Hedgehog,Recorded adoption return events,0
animal-data-1,movement-year/species,Unspecified shelter coverage,2017,House Rabbit,Adoption events,42
animal-data-1,movement-year/species,Unspecified shelter coverage,2017,House Rabbit,Recorded adoption return events,5
animal-data-1,movement-year/species,Unspecified shelter coverage,2017,Lizard,Adoption events,2
animal-data-1,movement-year/species,Unspecified shelter coverage,2017,Lizard,Recorded adoption return events,0
animal-data-1,movement-year/species,Unspecified shelter coverage,2017,Mouse,Adoption events,1
animal-data-1,movement-year/species,Unspecified shelter coverage,2017,Mouse,Recorded adoption return events,1
animal-data-1,movement-year/species,Unspecified shelter coverage,2017,Pig,Adoption events,1
animal-data-1,movement-year/species,Unspecified shelter coverage,2017,Pig,Recorded adoption return events,0
animal-data-1,movement-year/species,Unspecified shelter coverage,2017,Rat,Adoption events,45
animal-data-1,movement-year/species,Unspecified shelter coverage,2017,Rat,Recorded adoption return events,3
animal-data-1,movement-year/species,Unspecified shelter coverage,2017,Snake,Adoption events,1
animal-data-1,movement-year/species,Unspecified shelter coverage,2017,Snake,Recorded adoption return events,0
animal-data-1,movement-year/species,Unspecified shelter coverage,2017,Tarantula,Adoption events,1
animal-data-1,movement-year/species,Unspecified shelter coverage,2017,Tarantula,Recorded adoption return events,0
animal-data-1,movement-year/species,Unspecified shelter coverage,2017,Tortoise,Adoption events,1
animal-data-1,movement-year/species,Unspecified shelter coverage,2017,Tortoise,Recorded adoption return events,0
animal-data-1,movement-year/species,Unspecified shelter coverage,2018,Bird,Adoption events,8
animal-data-1,movement-year/species,Unspecified shelter coverage,2018,Bird,Recorded adoption return events,0
animal-data-1,movement-year/species,Unspecified shelter coverage,2018,Cat,Adoption events,1262
animal-data-1,movement-year/species,Unspecified shelter coverage,2018,Cat,Recorded adoption return events,86
animal-data-1,movement-year/species,Unspecified shelter coverage,2018,Chicken,Adoption events,2
animal-data-1,movement-year/species,Unspecified shelter coverage,2018,Chicken,Recorded adoption return events,0
animal-data-1,movement-year/species,Unspecified shelter coverage,2018,Chinchilla,Adoption events,1
animal-data-1,movement-year/species,Unspecified shelter coverage,2018,Chinchilla,Recorded adoption return events,0
animal-data-1,movement-year/species,Unspecified shelter coverage,2018,Dog,Adoption events,888
animal-data-1,movement-year/species,Unspecified shelter coverage,2018,Dog,Recorded adoption return events,162
animal-data-1,movement-year/species,Unspecified shelter coverage,2018,Ferret,Adoption events,3
animal-data-1,movement-year/species,Unspecified shelter coverage,2018,Ferret,Recorded adoption return events,0
animal-data-1,movement-year/species,Unspecified shelter coverage,2018,Gerbil,Adoption events,1
animal-data-1,movement-year/species,Unspecified shelter coverage,2018,Gerbil,Recorded adoption return events,0
animal-data-1,movement-year/species,Unspecified shelter coverage,2018,Goat,Adoption events,1
animal-data-1,movement-year/species,Unspecified shelter coverage,2018,Goat,Recorded adoption return events,0
animal-data-1,movement-year/species,Unspecified shelter coverage,2018,Guinea Pig,Adoption events,37
animal-data-1,movement-year/species,Unspecified shelter coverage,2018,Guinea Pig,Recorded adoption return events,0
animal-data-1,movement-year/species,Unspecified shelter coverage,2018,Hedgehog,Adoption events,5
animal-data-1,movement-year/species,Unspecified shelter coverage,2018,Hedgehog,Recorded adoption return events,0
animal-data-1,movement-year/species,Unspecified shelter coverage,2018,House Rabbit,Adoption events,52
animal-data-1,movement-year/species,Unspecified shelter coverage,2018,House Rabbit,Recorded adoption return events,10
animal-data-1,movement-year/species,Unspecified shelter coverage,2018,Livestock,Adoption events,2
animal-data-1,movement-year/species,Unspecified shelter coverage,2018,Livestock,Recorded adoption return events,0
animal-data-1,movement-year/species,Unspecified shelter coverage,2018,Lizard,Adoption events,2
animal-data-1,movement-year/species,Unspecified shelter coverage,2018,Lizard,Recorded adoption return events,0
animal-data-1,movement-year/species,Unspecified shelter coverage,2018,Pig,Adoption events,2
animal-data-1,movement-year/species,Unspecified shelter coverage,2018,Pig,Recorded adoption return events,0
animal-data-1,movement-year/species,Unspecified shelter coverage,2018,Rat,Adoption events,23
animal-data-1,movement-year/species,Unspecified shelter coverage,2018,Rat,Recorded adoption return events,3
animal-data-1,movement-year/species,Unspecified shelter coverage,2018,Sugar Glider,Adoption events,2
animal-data-1,movement-year/species,Unspecified shelter coverage,2018,Sugar Glider,Recorded adoption return events,0
animal-data-1,movement-year/species,Unspecified shelter coverage,2019,Bird,Adoption events,6
animal-data-1,movement-year/species,Unspecified shelter coverage,2019,Bird,Recorded adoption return events,0
animal-data-1,movement-year/species,Unspecified shelter coverage,2019,Cat,Adoption events,934
animal-data-1,movement-year/species,Unspecified shelter coverage,2019,Cat,Recorded adoption return events,50
animal-data-1,movement-year/species,Unspecified shelter coverage,2019,Dog,Adoption events,634
animal-data-1,movement-year/species,Unspecified shelter coverage,2019,Dog,Recorded adoption return events,80
animal-data-1,movement-year/species,Unspecified shelter coverage,2019,Fish,Adoption events,6
animal-data-1,movement-year/species,Unspecified shelter coverage,2019,Fish,Recorded adoption return events,0
animal-data-1,movement-year/species,Unspecified shelter coverage,2019,Guinea Pig,Adoption events,21
animal-data-1,movement-year/species,Unspecified shelter coverage,2019,Guinea Pig,Recorded adoption return events,0
animal-data-1,movement-year/species,Unspecified shelter coverage,2019,Hedgehog,Adoption events,2
animal-data-1,movement-year/species,Unspecified shelter coverage,2019,Hedgehog,Recorded adoption return events,0
animal-data-1,movement-year/species,Unspecified shelter coverage,2019,House Rabbit,Adoption events,50
animal-data-1,movement-year/species,Unspecified shelter coverage,2019,House Rabbit,Recorded adoption return events,5
animal-data-1,movement-year/species,Unspecified shelter coverage,2019,Livestock,Adoption events,9
animal-data-1,movement-year/species,Unspecified shelter coverage,2019,Livestock,Recorded adoption return events,0
animal-data-1,movement-year/species,Unspecified shelter coverage,2019,Mouse,Adoption events,4
animal-data-1,movement-year/species,Unspecified shelter coverage,2019,Mouse,Recorded adoption return events,0
animal-data-1,movement-year/species,Unspecified shelter coverage,2019,Pig,Adoption events,2
animal-data-1,movement-year/species,Unspecified shelter coverage,2019,Pig,Recorded adoption return events,1
animal-data-1,movement-year/species,Unspecified shelter coverage,2019,Rat,Adoption events,11
animal-data-1,movement-year/species,Unspecified shelter coverage,2019,Rat,Recorded adoption return events,2
animal-data-1,movement-year/species,Unspecified shelter coverage,2019,Snake,Adoption events,1
animal-data-1,movement-year/species,Unspecified shelter coverage,2019,Snake,Recorded adoption return events,0
animal-data-1,movement-year/species,Unspecified shelter coverage,2019,Sugar Glider,Adoption events,1
animal-data-1,movement-year/species,Unspecified shelter coverage,2019,Sugar Glider,Recorded adoption return events,0
animal-data-1,movement-year/species,Unspecified shelter coverage,2019,Turtle,Adoption events,1
animal-data-1,movement-year/species,Unspecified shelter coverage,2019,Turtle,Recorded adoption return events,0
animal-data-1,movement-year/species,Unspecified shelter coverage,2019,Wildlife,Adoption events,1
animal-data-1,movement-year/species,Unspecified shelter coverage,2019,Wildlife,Recorded adoption return events,0
SAC 2024–2025,state/year/species,AK,2024,Dog,Gross Intakes,10615
SAC 2024–2025,state/year/species,AK,2024,Dog,Community Intakes,9454
SAC 2024–2025,state/year/species,AK,2024,Dog,Gross Outcomes,10444
SAC 2024–2025,state/year/species,AK,2024,Dog,Stray at Large,5244
SAC 2024–2025,state/year/species,AK,2024,Dog,Relinquished by Owner,3165
SAC 2024–2025,state/year/species,AK,2024,Dog,Seized,464
SAC 2024–2025,state/year/species,AK,2024,Dog,Other Intakes,581
SAC 2024–2025,state/year/species,AK,2024,Dog,Transferred In,1161
SAC 2024–2025,state/year/species,AK,2024,Dog,Adoption,5036
SAC 2024–2025,state/year/species,AK,2024,Dog,Return to Owner,2547
SAC 2024–2025,state/year/species,AK,2024,Dog,Return to Field,10
SAC 2024–2025,state/year/species,AK,2024,Dog,Other Live Outcomes,121
SAC 2024–2025,state/year/species,AK,2024,Dog,Transferred Out,1371
SAC 2024–2025,state/year/species,AK,2024,Dog,Shelter Euthanasia,1284
SAC 2024–2025,state/year/species,AK,2024,Dog,Died in Care,66
SAC 2024–2025,state/year/species,AK,2024,Dog,Lost in Care,11
SAC 2024–2025,state/year/species,AK,2025,Dog,Gross Intakes,11147
SAC 2024–2025,state/year/species,AK,2025,Dog,Community Intakes,9686
SAC 2024–2025,state/year/species,AK,2025,Dog,Gross Outcomes,10821
SAC 2024–2025,state/year/species,AK,2025,Dog,Stray at Large,5331
SAC 2024–2025,state/year/species,AK,2025,Dog,Relinquished by Owner,2932
SAC 2024–2025,state/year/species,AK,2025,Dog,Seized,467
SAC 2024–2025,state/year/species,AK,2025,Dog,Other Intakes,956
SAC 2024–2025,state/year/species,AK,2025,Dog,Transferred In,1461
SAC 2024–2025,state/year/species,AK,2025,Dog,Adoption,5039
SAC 2024–2025,state/year/species,AK,2025,Dog,Return to Owner,1900
SAC 2024–2025,state/year/species,AK,2025,Dog,Return to Field,14
SAC 2024–2025,state/year/species,AK,2025,Dog,Other Live Outcomes,825
SAC 2024–2025,state/year/species,AK,2025,Dog,Transferred Out,1892
SAC 2024–2025,state/year/species,AK,2025,Dog,Shelter Euthanasia,1055
SAC 2024–2025,state/year/species,AK,2025,Dog,Died in Care,77
SAC 2024–2025,state/year/species,AK,2025,Dog,Lost in Care,18
SAC 2024–2025,state/year/species,AL,2024,Dog,Gross Intakes,90182
SAC 2024–2025,state/year/species,AL,2024,Dog,Community Intakes,76916
SAC 2024–2025,state/year/species,AL,2024,Dog,Gross Outcomes,88017
SAC 2024–2025,state/year/species,AL,2024,Dog,Stray at Large,44488
SAC 2024–2025,state/year/species,AL,2024,Dog,Relinquished by Owner,21480
SAC 2024–2025,state/year/species,AL,2024,Dog,Seized,3430
SAC 2024–2025,state/year/species,AL,2024,Dog,Other Intakes,7519
SAC 2024–2025,state/year/species,AL,2024,Dog,Transferred In,13266
SAC 2024–2025,state/year/species,AL,2024,Dog,Adoption,43658
SAC 2024–2025,state/year/species,AL,2024,Dog,Return to Owner,12593
SAC 2024–2025,state/year/species,AL,2024,Dog,Return to Field,83
SAC 2024–2025,state/year/species,AL,2024,Dog,Other Live Outcomes,2169
SAC 2024–2025,state/year/species,AL,2024,Dog,Transferred Out,16062
SAC 2024–2025,state/year/species,AL,2024,Dog,Shelter Euthanasia,12223
SAC 2024–2025,state/year/species,AL,2024,Dog,Died in Care,1054
SAC 2024–2025,state/year/species,AL,2024,Dog,Lost in Care,177
SAC 2024–2025,state/year/species,AL,2025,Dog,Gross Intakes,86878
SAC 2024–2025,state/year/species,AL,2025,Dog,Community Intakes,73900
SAC 2024–2025,state/year/species,AL,2025,Dog,Gross Outcomes,84940
SAC 2024–2025,state/year/species,AL,2025,Dog,Stray at Large,42103
SAC 2024–2025,state/year/species,AL,2025,Dog,Relinquished by Owner,22194
SAC 2024–2025,state/year/species,AL,2025,Dog,Seized,3726
SAC 2024–2025,state/year/species,AL,2025,Dog,Other Intakes,5878
SAC 2024–2025,state/year/species,AL,2025,Dog,Transferred In,12978
SAC 2024–2025,state/year/species,AL,2025,Dog,Adoption,42531
SAC 2024–2025,state/year/species,AL,2025,Dog,Return to Owner,12297
SAC 2024–2025,state/year/species,AL,2025,Dog,Return to Field,89
SAC 2024–2025,state/year/species,AL,2025,Dog,Other Live Outcomes,2051
SAC 2024–2025,state/year/species,AL,2025,Dog,Transferred Out,15418
SAC 2024–2025,state/year/species,AL,2025,Dog,Shelter Euthanasia,11441
SAC 2024–2025,state/year/species,AL,2025,Dog,Died in Care,827
SAC 2024–2025,state/year/species,AL,2025,Dog,Lost in Care,286
SAC 2024–2025,state/year/species,AR,2024,Dog,Gross Intakes,64653
SAC 2024–2025,state/year/species,AR,2024,Dog,Community Intakes,52216
SAC 2024–2025,state/year/species,AR,2024,Dog,Gross Outcomes,62981
SAC 2024–2025,state/year/species,AR,2024,Dog,Stray at Large,30353
SAC 2024–2025,state/year/species,AR,2024,Dog,Relinquished by Owner,15517
SAC 2024–2025,state/year/species,AR,2024,Dog,Seized,2431
SAC 2024–2025,state/year/species,AR,2024,Dog,Other Intakes,3916
SAC 2024–2025,state/year/species,AR,2024,Dog,Transferred In,12437
SAC 2024–2025,state/year/species,AR,2024,Dog,Adoption,34985
SAC 2024–2025,state/year/species,AR,2024,Dog,Return to Owner,9726
SAC 2024–2025,state/year/species,AR,2024,Dog,Return to Field,80
SAC 2024–2025,state/year/species,AR,2024,Dog,Other Live Outcomes,890
SAC 2024–2025,state/year/species,AR,2024,Dog,Transferred Out,11093
SAC 2024–2025,state/year/species,AR,2024,Dog,Shelter Euthanasia,5408
SAC 2024–2025,state/year/species,AR,2024,Dog,Died in Care,691
SAC 2024–2025,state/year/species,AR,2024,Dog,Lost in Care,108
SAC 2024–2025,state/year/species,AR,2025,Dog,Gross Intakes,58425
SAC 2024–2025,state/year/species,AR,2025,Dog,Community Intakes,47235
SAC 2024–2025,state/year/species,AR,2025,Dog,Gross Outcomes,57288
SAC 2024–2025,state/year/species,AR,2025,Dog,Stray at Large,27184
SAC 2024–2025,state/year/species,AR,2025,Dog,Relinquished by Owner,14102
SAC 2024–2025,state/year/species,AR,2025,Dog,Seized,2254
SAC 2024–2025,state/year/species,AR,2025,Dog,Other Intakes,3695
SAC 2024–2025,state/year/species,AR,2025,Dog,Transferred In,11190
SAC 2024–2025,state/year/species,AR,2025,Dog,Adoption,32012
SAC 2024–2025,state/year/species,AR,2025,Dog,Return to Owner,8610
SAC 2024–2025,state/year/species,AR,2025,Dog,Return to Field,167
SAC 2024–2025,state/year/species,AR,2025,Dog,Other Live Outcomes,808
SAC 2024–2025,state/year/species,AR,2025,Dog,Transferred Out,9731
SAC 2024–2025,state/year/species,AR,2025,Dog,Shelter Euthanasia,5177
SAC 2024–2025,state/year/species,AR,2025,Dog,Died in Care,610
SAC 2024–2025,state/year/species,AR,2025,Dog,Lost in Care,172
SAC 2024–2025,state/year/species,AZ,2024,Dog,Gross Intakes,100099
SAC 2024–2025,state/year/species,AZ,2024,Dog,Community Intakes,84809
SAC 2024–2025,state/year/species,AZ,2024,Dog,Gross Outcomes,98203
SAC 2024–2025,state/year/species,AZ,2024,Dog,Stray at Large,50611
SAC 2024–2025,state/year/species,AZ,2024,Dog,Relinquished by Owner,22380
SAC 2024–2025,state/year/species,AZ,2024,Dog,Seized,4836
SAC 2024–2025,state/year/species,AZ,2024,Dog,Other Intakes,6981
SAC 2024–2025,state/year/species,AZ,2024,Dog,Transferred In,15291
SAC 2024–2025,state/year/species,AZ,2024,Dog,Adoption,63685
SAC 2024–2025,state/year/species,AZ,2024,Dog,Return to Owner,13173
SAC 2024–2025,state/year/species,AZ,2024,Dog,Return to Field,377
SAC 2024–2025,state/year/species,AZ,2024,Dog,Other Live Outcomes,1461
SAC 2024–2025,state/year/species,AZ,2024,Dog,Transferred Out,11100
SAC 2024–2025,state/year/species,AZ,2024,Dog,Shelter Euthanasia,7292
SAC 2024–2025,state/year/species,AZ,2024,Dog,Died in Care,984
SAC 2024–2025,state/year/species,AZ,2024,Dog,Lost in Care,131
SAC 2024–2025,state/year/species,AZ,2025,Dog,Gross Intakes,97820
SAC 2024–2025,state/year/species,AZ,2025,Dog,Community Intakes,82640
SAC 2024–2025,state/year/species,AZ,2025,Dog,Gross Outcomes,96188
SAC 2024–2025,state/year/species,AZ,2025,Dog,Stray at Large,47516
SAC 2024–2025,state/year/species,AZ,2025,Dog,Relinquished by Owner,23404
SAC 2024–2025,state/year/species,AZ,2025,Dog,Seized,4936
SAC 2024–2025,state/year/species,AZ,2025,Dog,Other Intakes,6785
SAC 2024–2025,state/year/species,AZ,2025,Dog,Transferred In,15179
SAC 2024–2025,state/year/species,AZ,2025,Dog,Adoption,63427
SAC 2024–2025,state/year/species,AZ,2025,Dog,Return to Owner,12523
SAC 2024–2025,state/year/species,AZ,2025,Dog,Return to Field,555
SAC 2024–2025,state/year/species,AZ,2025,Dog,Other Live Outcomes,946
SAC 2024–2025,state/year/species,AZ,2025,Dog,Transferred Out,10371
SAC 2024–2025,state/year/species,AZ,2025,Dog,Shelter Euthanasia,7207
SAC 2024–2025,state/year/species,AZ,2025,Dog,Died in Care,934
SAC 2024–2025,state/year/species,AZ,2025,Dog,Lost in Care,225
SAC 2024–2025,state/year/species,CA,2024,Dog,Gross Intakes,447945
SAC 2024–2025,state/year/species,CA,2024,Dog,Community Intakes,374341
SAC 2024–2025,state/year/species,CA,2024,Dog,Gross Outcomes,436663
SAC 2024–2025,state/year/species,CA,2024,Dog,Stray at Large,244423
SAC 2024–2025,state/year/species,CA,2024,Dog,Relinquished by Owner,88546
SAC 2024–2025,state/year/species,CA,2024,Dog,Seized,15688
SAC 2024–2025,state/year/species,CA,2024,Dog,Other Intakes,25686
SAC 2024–2025,state/year/species,CA,2024,Dog,Transferred In,73603
SAC 2024–2025,state/year/species,CA,2024,Dog,Adoption,241454
SAC 2024–2025,state/year/species,CA,2024,Dog,Return to Owner,68111
SAC 2024–2025,state/year/species,CA,2024,Dog,Return to Field,379
SAC 2024–2025,state/year/species,CA,2024,Dog,Other Live Outcomes,9430
SAC 2024–2025,state/year/species,CA,2024,Dog,Transferred Out,64750
SAC 2024–2025,state/year/species,CA,2024,Dog,Shelter Euthanasia,47583
SAC 2024–2025,state/year/species,CA,2024,Dog,Died in Care,4167
SAC 2024–2025,state/year/species,CA,2024,Dog,Lost in Care,791
SAC 2024–2025,state/year/species,CA,2025,Dog,Gross Intakes,461857
SAC 2024–2025,state/year/species,CA,2025,Dog,Community Intakes,377848
SAC 2024–2025,state/year/species,CA,2025,Dog,Gross Outcomes,450998
SAC 2024–2025,state/year/species,CA,2025,Dog,Stray at Large,235826
SAC 2024–2025,state/year/species,CA,2025,Dog,Relinquished by Owner,96805
SAC 2024–2025,state/year/species,CA,2025,Dog,Seized,16758
SAC 2024–2025,state/year/species,CA,2025,Dog,Other Intakes,28458
SAC 2024–2025,state/year/species,CA,2025,Dog,Transferred In,84009
SAC 2024–2025,state/year/species,CA,2025,Dog,Adoption,252586
SAC 2024–2025,state/year/species,CA,2025,Dog,Return to Owner,67642
SAC 2024–2025,state/year/species,CA,2025,Dog,Return to Field,570
SAC 2024–2025,state/year/species,CA,2025,Dog,Other Live Outcomes,7898
SAC 2024–2025,state/year/species,CA,2025,Dog,Transferred Out,71611
SAC 2024–2025,state/year/species,CA,2025,Dog,Shelter Euthanasia,44630
SAC 2024–2025,state/year/species,CA,2025,Dog,Died in Care,4595
SAC 2024–2025,state/year/species,CA,2025,Dog,Lost in Care,1465
SAC 2024–2025,state/year/species,CO,2024,Dog,Gross Intakes,100534
SAC 2024–2025,state/year/species,CO,2024,Dog,Community Intakes,82667
SAC 2024–2025,state/year/species,CO,2024,Dog,Gross Outcomes,95506
SAC 2024–2025,state/year/species,CO,2024,Dog,Stray at Large,41154
SAC 2024–2025,state/year/species,CO,2024,Dog,Relinquished by Owner,28155
SAC 2024–2025,state/year/species,CO,2024,Dog,Seized,3145
SAC 2024–2025,state/year/species,CO,2024,Dog,Other Intakes,10213
SAC 2024–2025,state/year/species,CO,2024,Dog,Transferred In,17868
SAC 2024–2025,state/year/species,CO,2024,Dog,Adoption,50284
SAC 2024–2025,state/year/species,CO,2024,Dog,Return to Owner,21670
SAC 2024–2025,state/year/species,CO,2024,Dog,Return to Field,40
SAC 2024–2025,state/year/species,CO,2024,Dog,Other Live Outcomes,4903
SAC 2024–2025,state/year/species,CO,2024,Dog,Transferred Out,9923
SAC 2024–2025,state/year/species,CO,2024,Dog,Shelter Euthanasia,8048
SAC 2024–2025,state/year/species,CO,2024,Dog,Died in Care,547
SAC 2024–2025,state/year/species,CO,2024,Dog,Lost in Care,91
SAC 2024–2025,state/year/species,CO,2025,Dog,Gross Intakes,96345
SAC 2024–2025,state/year/species,CO,2025,Dog,Community Intakes,78299
SAC 2024–2025,state/year/species,CO,2025,Dog,Gross Outcomes,92426
SAC 2024–2025,state/year/species,CO,2025,Dog,Stray at Large,37007
SAC 2024–2025,state/year/species,CO,2025,Dog,Relinquished by Owner,28717
SAC 2024–2025,state/year/species,CO,2025,Dog,Seized,2963
SAC 2024–2025,state/year/species,CO,2025,Dog,Other Intakes,9612
SAC 2024–2025,state/year/species,CO,2025,Dog,Transferred In,18046
SAC 2024–2025,state/year/species,CO,2025,Dog,Adoption,50271
SAC 2024–2025,state/year/species,CO,2025,Dog,Return to Owner,19559
SAC 2024–2025,state/year/species,CO,2025,Dog,Return to Field,58
SAC 2024–2025,state/year/species,CO,2025,Dog,Other Live Outcomes,4939
SAC 2024–2025,state/year/species,CO,2025,Dog,Transferred Out,9884
SAC 2024–2025,state/year/species,CO,2025,Dog,Shelter Euthanasia,6970
SAC 2024–2025,state/year/species,CO,2025,Dog,Died in Care,538
SAC 2024–2025,state/year/species,CO,2025,Dog,Lost in Care,208
SAC 2024–2025,state/year/species,CT,2024,Dog,Gross Intakes,59241
SAC 2024–2025,state/year/species,CT,2024,Dog,Community Intakes,51102
SAC 2024–2025,state/year/species,CT,2024,Dog,Gross Outcomes,58240
SAC 2024–2025,state/year/species,CT,2024,Dog,Stray at Large,32738
SAC 2024–2025,state/year/species,CT,2024,Dog,Relinquished by Owner,11788
SAC 2024–2025,state/year/species,CT,2024,Dog,Seized,2878
SAC 2024–2025,state/year/species,CT,2024,Dog,Other Intakes,3698
SAC 2024–2025,state/year/species,CT,2024,Dog,Transferred In,8138
SAC 2024–2025,state/year/species,CT,2024,Dog,Adoption,29379
SAC 2024–2025,state/year/species,CT,2024,Dog,Return to Owner,10122
SAC 2024–2025,state/year/species,CT,2024,Dog,Return to Field,119
SAC 2024–2025,state/year/species,CT,2024,Dog,Other Live Outcomes,1170
SAC 2024–2025,state/year/species,CT,2024,Dog,Transferred Out,10113
SAC 2024–2025,state/year/species,CT,2024,Dog,Shelter Euthanasia,6593
SAC 2024–2025,state/year/species,CT,2024,Dog,Died in Care,615
SAC 2024–2025,state/year/species,CT,2024,Dog,Lost in Care,130
SAC 2024–2025,state/year/species,CT,2025,Dog,Gross Intakes,49977
SAC 2024–2025,state/year/species,CT,2025,Dog,Community Intakes,41800
SAC 2024–2025,state/year/species,CT,2025,Dog,Gross Outcomes,49056
SAC 2024–2025,state/year/species,CT,2025,Dog,Stray at Large,26042
SAC 2024–2025,state/year/species,CT,2025,Dog,Relinquished by Owner,10144
SAC 2024–2025,state/year/species,CT,2025,Dog,Seized,2372
SAC 2024–2025,state/year/species,CT,2025,Dog,Other Intakes,3241
SAC 2024–2025,state/year/species,CT,2025,Dog,Transferred In,8177
SAC 2024–2025,state/year/species,CT,2025,Dog,Adoption,25484
SAC 2024–2025,state/year/species,CT,2025,Dog,Return to Owner,8195
SAC 2024–2025,state/year/species,CT,2025,Dog,Return to Field,109
SAC 2024–2025,state/year/species,CT,2025,Dog,Other Live Outcomes,974
SAC 2024–2025,state/year/species,CT,2025,Dog,Transferred Out,8456
SAC 2024–2025,state/year/species,CT,2025,Dog,Shelter Euthanasia,5182
SAC 2024–2025,state/year/species,CT,2025,Dog,Died in Care,496
SAC 2024–2025,state/year/species,CT,2025,Dog,Lost in Care,160
SAC 2024–2025,state/year/species,DC,2024,Dog,Gross Intakes,10103
SAC 2024–2025,state/year/species,DC,2024,Dog,Community Intakes,9205
SAC 2024–2025,state/year/species,DC,2024,Dog,Gross Outcomes,10171
SAC 2024–2025,state/year/species,DC,2024,Dog,Stray at Large,6081
SAC 2024–2025,state/year/species,DC,2024,Dog,Relinquished by Owner,1920
SAC 2024–2025,state/year/species,DC,2024,Dog,Seized,177
SAC 2024–2025,state/year/species,DC,2024,Dog,Other Intakes,1027
SAC 2024–2025,state/year/species,DC,2024,Dog,Transferred In,898
SAC 2024–2025,state/year/species,DC,2024,Dog,Adoption,5374
SAC 2024–2025,state/year/species,DC,2024,Dog,Return to Owner,2248
SAC 2024–2025,state/year/species,DC,2024,Dog,Return to Field,1
SAC 2024–2025,state/year/species,DC,2024,Dog,Other Live Outcomes,59
SAC 2024–2025,state/year/species,DC,2024,Dog,Transferred Out,1220
SAC 2024–2025,state/year/species,DC,2024,Dog,Shelter Euthanasia,1190
SAC 2024–2025,state/year/species,DC,2024,Dog,Died in Care,73
SAC 2024–2025,state/year/species,DC,2024,Dog,Lost in Care,7
SAC 2024–2025,state/year/species,DC,2025,Dog,Gross Intakes,4213
SAC 2024–2025,state/year/species,DC,2025,Dog,Community Intakes,2843
SAC 2024–2025,state/year/species,DC,2025,Dog,Gross Outcomes,4780
SAC 2024–2025,state/year/species,DC,2025,Dog,Stray at Large,1228
SAC 2024–2025,state/year/species,DC,2025,Dog,Relinquished by Owner,1111
SAC 2024–2025,state/year/species,DC,2025,Dog,Seized,134
SAC 2024–2025,state/year/species,DC,2025,Dog,Other Intakes,370
SAC 2024–2025,state/year/species,DC,2025,Dog,Transferred In,1370
SAC 2024–2025,state/year/species,DC,2025,Dog,Adoption,3208
SAC 2024–2025,state/year/species,DC,2025,Dog,Return to Owner,588
SAC 2024–2025,state/year/species,DC,2025,Dog,Return to Field,0
SAC 2024–2025,state/year/species,DC,2025,Dog,Other Live Outcomes,49
SAC 2024–2025,state/year/species,DC,2025,Dog,Transferred Out,546
SAC 2024–2025,state/year/species,DC,2025,Dog,Shelter Euthanasia,345
SAC 2024–2025,state/year/species,DC,2025,Dog,Died in Care,33
SAC 2024–2025,state/year/species,DC,2025,Dog,Lost in Care,11
SAC 2024–2025,state/year/species,DE,2024,Dog,Gross Intakes,7642
SAC 2024–2025,state/year/species,DE,2024,Dog,Community Intakes,5120
SAC 2024–2025,state/year/species,DE,2024,Dog,Gross Outcomes,7606
SAC 2024–2025,state/year/species,DE,2024,Dog,Stray at Large,2428
SAC 2024–2025,state/year/species,DE,2024,Dog,Relinquished by Owner,2068
SAC 2024–2025,state/year/species,DE,2024,Dog,Seized,220
SAC 2024–2025,state/year/species,DE,2024,Dog,Other Intakes,404
SAC 2024–2025,state/year/species,DE,2024,Dog,Transferred In,2522
SAC 2024–2025,state/year/species,DE,2024,Dog,Adoption,5379
SAC 2024–2025,state/year/species,DE,2024,Dog,Return to Owner,915
SAC 2024–2025,state/year/species,DE,2024,Dog,Return to Field,2
SAC 2024–2025,state/year/species,DE,2024,Dog,Other Live Outcomes,82
SAC 2024–2025,state/year/species,DE,2024,Dog,Transferred Out,654
SAC 2024–2025,state/year/species,DE,2024,Dog,Shelter Euthanasia,504
SAC 2024–2025,state/year/species,DE,2024,Dog,Died in Care,63
SAC 2024–2025,state/year/species,DE,2024,Dog,Lost in Care,7
SAC 2024–2025,state/year/species,DE,2025,Dog,Gross Intakes,7584
SAC 2024–2025,state/year/species,DE,2025,Dog,Community Intakes,5179
SAC 2024–2025,state/year/species,DE,2025,Dog,Gross Outcomes,7464
SAC 2024–2025,state/year/species,DE,2025,Dog,Stray at Large,2261
SAC 2024–2025,state/year/species,DE,2025,Dog,Relinquished by Owner,2319
SAC 2024–2025,state/year/species,DE,2025,Dog,Seized,220
SAC 2024–2025,state/year/species,DE,2025,Dog,Other Intakes,379
SAC 2024–2025,state/year/species,DE,2025,Dog,Transferred In,2404
SAC 2024–2025,state/year/species,DE,2025,Dog,Adoption,5358
SAC 2024–2025,state/year/species,DE,2025,Dog,Return to Owner,879
SAC 2024–2025,state/year/species,DE,2025,Dog,Return to Field,1
SAC 2024–2025,state/year/species,DE,2025,Dog,Other Live Outcomes,67
SAC 2024–2025,state/year/species,DE,2025,Dog,Transferred Out,646
SAC 2024–2025,state/year/species,DE,2025,Dog,Shelter Euthanasia,438
SAC 2024–2025,state/year/species,DE,2025,Dog,Died in Care,59
SAC 2024–2025,state/year/species,DE,2025,Dog,Lost in Care,18
SAC 2024–2025,state/year/species,FL,2024,Dog,Gross Intakes,189079
SAC 2024–2025,state/year/species,FL,2024,Dog,Community Intakes,145693
SAC 2024–2025,state/year/species,FL,2024,Dog,Gross Outcomes,190621
SAC 2024–2025,state/year/species,FL,2024,Dog,Stray at Large,75857
SAC 2024–2025,state/year/species,FL,2024,Dog,Relinquished by Owner,48452
SAC 2024–2025,state/year/species,FL,2024,Dog,Seized,7785
SAC 2024–2025,state/year/species,FL,2024,Dog,Other Intakes,13600
SAC 2024–2025,state/year/species,FL,2024,Dog,Transferred In,43385
SAC 2024–2025,state/year/species,FL,2024,Dog,Adoption,121653
SAC 2024–2025,state/year/species,FL,2024,Dog,Return to Owner,22799
SAC 2024–2025,state/year/species,FL,2024,Dog,Return to Field,90
SAC 2024–2025,state/year/species,FL,2024,Dog,Other Live Outcomes,4765
SAC 2024–2025,state/year/species,FL,2024,Dog,Transferred Out,26127
SAC 2024–2025,state/year/species,FL,2024,Dog,Shelter Euthanasia,13278
SAC 2024–2025,state/year/species,FL,2024,Dog,Died in Care,1730
SAC 2024–2025,state/year/species,FL,2024,Dog,Lost in Care,180
SAC 2024–2025,state/year/species,FL,2025,Dog,Gross Intakes,180710
SAC 2024–2025,state/year/species,FL,2025,Dog,Community Intakes,136473
SAC 2024–2025,state/year/species,FL,2025,Dog,Gross Outcomes,183995
SAC 2024–2025,state/year/species,FL,2025,Dog,Stray at Large,68207
SAC 2024–2025,state/year/species,FL,2025,Dog,Relinquished by Owner,48866
SAC 2024–2025,state/year/species,FL,2025,Dog,Seized,6709
SAC 2024–2025,state/year/species,FL,2025,Dog,Other Intakes,12690
SAC 2024–2025,state/year/species,FL,2025,Dog,Transferred In,44237
SAC 2024–2025,state/year/species,FL,2025,Dog,Adoption,120165
SAC 2024–2025,state/year/species,FL,2025,Dog,Return to Owner,21485
SAC 2024–2025,state/year/species,FL,2025,Dog,Return to Field,91
SAC 2024–2025,state/year/species,FL,2025,Dog,Other Live Outcomes,4250
SAC 2024–2025,state/year/species,FL,2025,Dog,Transferred Out,23929
SAC 2024–2025,state/year/species,FL,2025,Dog,Shelter Euthanasia,11874
SAC 2024–2025,state/year/species,FL,2025,Dog,Died in Care,1675
SAC 2024–2025,state/year/species,FL,2025,Dog,Lost in Care,525
SAC 2024–2025,state/year/species,GA,2024,Dog,Gross Intakes,123780
SAC 2024–2025,state/year/species,GA,2024,Dog,Community Intakes,100546
SAC 2024–2025,state/year/species,GA,2024,Dog,Gross Outcomes,121264
SAC 2024–2025,state/year/species,GA,2024,Dog,Stray at Large,56833
SAC 2024–2025,state/year/species,GA,2024,Dog,Relinquished by Owner,28763
SAC 2024–2025,state/year/species,GA,2024,Dog,Seized,6572
SAC 2024–2025,state/year/species,GA,2024,Dog,Other Intakes,8378
SAC 2024–2025,state/year/species,GA,2024,Dog,Transferred In,23234
SAC 2024–2025,state/year/species,GA,2024,Dog,Adoption,66477
SAC 2024–2025,state/year/species,GA,2024,Dog,Return to Owner,16537
SAC 2024–2025,state/year/species,GA,2024,Dog,Return to Field,144
SAC 2024–2025,state/year/species,GA,2024,Dog,Other Live Outcomes,2130
SAC 2024–2025,state/year/species,GA,2024,Dog,Transferred Out,22691
SAC 2024–2025,state/year/species,GA,2024,Dog,Shelter Euthanasia,11730
SAC 2024–2025,state/year/species,GA,2024,Dog,Died in Care,1355
SAC 2024–2025,state/year/species,GA,2024,Dog,Lost in Care,200
SAC 2024–2025,state/year/species,GA,2025,Dog,Gross Intakes,116545
SAC 2024–2025,state/year/species,GA,2025,Dog,Community Intakes,93644
SAC 2024–2025,state/year/species,GA,2025,Dog,Gross Outcomes,117120
SAC 2024–2025,state/year/species,GA,2025,Dog,Stray at Large,51793
SAC 2024–2025,state/year/species,GA,2025,Dog,Relinquished by Owner,28411
SAC 2024–2025,state/year/species,GA,2025,Dog,Seized,5506
SAC 2024–2025,state/year/species,GA,2025,Dog,Other Intakes,7935
SAC 2024–2025,state/year/species,GA,2025,Dog,Transferred In,22901
SAC 2024–2025,state/year/species,GA,2025,Dog,Adoption,65763
SAC 2024–2025,state/year/species,GA,2025,Dog,Return to Owner,15742
SAC 2024–2025,state/year/species,GA,2025,Dog,Return to Field,122
SAC 2024–2025,state/year/species,GA,2025,Dog,Other Live Outcomes,1998
SAC 2024–2025,state/year/species,GA,2025,Dog,Transferred Out,21302
SAC 2024–2025,state/year/species,GA,2025,Dog,Shelter Euthanasia,10546
SAC 2024–2025,state/year/species,GA,2025,Dog,Died in Care,1251
SAC 2024–2025,state/year/species,GA,2025,Dog,Lost in Care,396
SAC 2024–2025,state/year/species,GU,2024,Dog,Gross Intakes,500
SAC 2024–2025,state/year/species,GU,2024,Dog,Community Intakes,448
SAC 2024–2025,state/year/species,GU,2024,Dog,Gross Outcomes,493
SAC 2024–2025,state/year/species,GU,2024,Dog,Stray at Large,269
SAC 2024–2025,state/year/species,GU,2024,Dog,Relinquished by Owner,118
SAC 2024–2025,state/year/species,GU,2024,Dog,Seized,28
SAC 2024–2025,state/year/species,GU,2024,Dog,Other Intakes,33
SAC 2024–2025,state/year/species,GU,2024,Dog,Transferred In,52
SAC 2024–2025,state/year/species,GU,2024,Dog,Adoption,253
SAC 2024–2025,state/year/species,GU,2024,Dog,Return to Owner,111
SAC 2024–2025,state/year/species,GU,2024,Dog,Return to Field,0
SAC 2024–2025,state/year/species,GU,2024,Dog,Other Live Outcomes,9
SAC 2024–2025,state/year/species,GU,2024,Dog,Transferred Out,61
SAC 2024–2025,state/year/species,GU,2024,Dog,Shelter Euthanasia,54
SAC 2024–2025,state/year/species,GU,2024,Dog,Died in Care,4
SAC 2024–2025,state/year/species,GU,2024,Dog,Lost in Care,1
SAC 2024–2025,state/year/species,GU,2025,Dog,Gross Intakes,482
SAC 2024–2025,state/year/species,GU,2025,Dog,Community Intakes,426
SAC 2024–2025,state/year/species,GU,2025,Dog,Gross Outcomes,479
SAC 2024–2025,state/year/species,GU,2025,Dog,Stray at Large,248
SAC 2024–2025,state/year/species,GU,2025,Dog,Relinquished by Owner,120
SAC 2024–2025,state/year/species,GU,2025,Dog,Seized,29
SAC 2024–2025,state/year/species,GU,2025,Dog,Other Intakes,29
SAC 2024–2025,state/year/species,GU,2025,Dog,Transferred In,56
SAC 2024–2025,state/year/species,GU,2025,Dog,Adoption,250
SAC 2024–2025,state/year/species,GU,2025,Dog,Return to Owner,107
SAC 2024–2025,state/year/species,GU,2025,Dog,Return to Field,0
SAC 2024–2025,state/year/species,GU,2025,Dog,Other Live Outcomes,6
SAC 2024–2025,state/year/species,GU,2025,Dog,Transferred Out,60
SAC 2024–2025,state/year/species,GU,2025,Dog,Shelter Euthanasia,51
SAC 2024–2025,state/year/species,GU,2025,Dog,Died in Care,4
SAC 2024–2025,state/year/species,GU,2025,Dog,Lost in Care,1
SAC 2024–2025,state/year/species,HI,2024,Dog,Gross Intakes,13354
SAC 2024–2025,state/year/species,HI,2024,Dog,Community Intakes,11753
SAC 2024–2025,state/year/species,HI,2024,Dog,Gross Outcomes,13850
SAC 2024–2025,state/year/species,HI,2024,Dog,Stray at Large,7494
SAC 2024–2025,state/year/species,HI,2024,Dog,Relinquished by Owner,3768
SAC 2024–2025,state/year/species,HI,2024,Dog,Seized,115
SAC 2024–2025,state/year/species,HI,2024,Dog,Other Intakes,376
SAC 2024–2025,state/year/species,HI,2024,Dog,Transferred In,1601
SAC 2024–2025,state/year/species,HI,2024,Dog,Adoption,8117
SAC 2024–2025,state/year/species,HI,2024,Dog,Return to Owner,2611
SAC 2024–2025,state/year/species,HI,2024,Dog,Return to Field,2
SAC 2024–2025,state/year/species,HI,2024,Dog,Other Live Outcomes,140
SAC 2024–2025,state/year/species,HI,2024,Dog,Transferred Out,845
SAC 2024–2025,state/year/species,HI,2024,Dog,Shelter Euthanasia,2028
SAC 2024–2025,state/year/species,HI,2024,Dog,Died in Care,98
SAC 2024–2025,state/year/species,HI,2024,Dog,Lost in Care,9
SAC 2024–2025,state/year/species,HI,2025,Dog,Gross Intakes,13519
SAC 2024–2025,state/year/species,HI,2025,Dog,Community Intakes,11738
SAC 2024–2025,state/year/species,HI,2025,Dog,Gross Outcomes,13708
SAC 2024–2025,state/year/species,HI,2025,Dog,Stray at Large,7498
SAC 2024–2025,state/year/species,HI,2025,Dog,Relinquished by Owner,3420
SAC 2024–2025,state/year/species,HI,2025,Dog,Seized,196
SAC 2024–2025,state/year/species,HI,2025,Dog,Other Intakes,625
SAC 2024–2025,state/year/species,HI,2025,Dog,Transferred In,1780
SAC 2024–2025,state/year/species,HI,2025,Dog,Adoption,8133
SAC 2024–2025,state/year/species,HI,2025,Dog,Return to Owner,2498
SAC 2024–2025,state/year/species,HI,2025,Dog,Return to Field,2
SAC 2024–2025,state/year/species,HI,2025,Dog,Other Live Outcomes,421
SAC 2024–2025,state/year/species,HI,2025,Dog,Transferred Out,802
SAC 2024–2025,state/year/species,HI,2025,Dog,Shelter Euthanasia,1731
SAC 2024–2025,state/year/species,HI,2025,Dog,Died in Care,96
SAC 2024–2025,state/year/species,HI,2025,Dog,Lost in Care,24
SAC 2024–2025,state/year/species,IA,2024,Dog,Gross Intakes,32142
SAC 2024–2025,state/year/species,IA,2024,Dog,Community Intakes,26261
SAC 2024–2025,state/year/species,IA,2024,Dog,Gross Outcomes,31098
SAC 2024–2025,state/year/species,IA,2024,Dog,Stray at Large,14586
SAC 2024–2025,state/year/species,IA,2024,Dog,Relinquished by Owner,8706
SAC 2024–2025,state/year/species,IA,2024,Dog,Seized,1222
SAC 2024–2025,state/year/species,IA,2024,Dog,Other Intakes,1747
SAC 2024–2025,state/year/species,IA,2024,Dog,Transferred In,5881
SAC 2024–2025,state/year/species,IA,2024,Dog,Adoption,18225
SAC 2024–2025,state/year/species,IA,2024,Dog,Return to Owner,6835
SAC 2024–2025,state/year/species,IA,2024,Dog,Return to Field,21
SAC 2024–2025,state/year/species,IA,2024,Dog,Other Live Outcomes,349
SAC 2024–2025,state/year/species,IA,2024,Dog,Transferred Out,2947
SAC 2024–2025,state/year/species,IA,2024,Dog,Shelter Euthanasia,2459
SAC 2024–2025,state/year/species,IA,2024,Dog,Died in Care,231
SAC 2024–2025,state/year/species,IA,2024,Dog,Lost in Care,30
SAC 2024–2025,state/year/species,IA,2025,Dog,Gross Intakes,28085
SAC 2024–2025,state/year/species,IA,2025,Dog,Community Intakes,23557
SAC 2024–2025,state/year/species,IA,2025,Dog,Gross Outcomes,27732
SAC 2024–2025,state/year/species,IA,2025,Dog,Stray at Large,12582
SAC 2024–2025,state/year/species,IA,2025,Dog,Relinquished by Owner,8287
SAC 2024–2025,state/year/species,IA,2025,Dog,Seized,1243
SAC 2024–2025,state/year/species,IA,2025,Dog,Other Intakes,1445
SAC 2024–2025,state/year/species,IA,2025,Dog,Transferred In,4528
SAC 2024–2025,state/year/species,IA,2025,Dog,Adoption,16452
SAC 2024–2025,state/year/species,IA,2025,Dog,Return to Owner,5929
SAC 2024–2025,state/year/species,IA,2025,Dog,Return to Field,17
SAC 2024–2025,state/year/species,IA,2025,Dog,Other Live Outcomes,259
SAC 2024–2025,state/year/species,IA,2025,Dog,Transferred Out,2590
SAC 2024–2025,state/year/species,IA,2025,Dog,Shelter Euthanasia,2242
SAC 2024–2025,state/year/species,IA,2025,Dog,Died in Care,198
SAC 2024–2025,state/year/species,IA,2025,Dog,Lost in Care,45
SAC 2024–2025,state/year/species,ID,2024,Dog,Gross Intakes,26859
SAC 2024–2025,state/year/species,ID,2024,Dog,Community Intakes,22639
SAC 2024–2025,state/year/species,ID,2024,Dog,Gross Outcomes,26954
SAC 2024–2025,state/year/species,ID,2024,Dog,Stray at Large,12521
SAC 2024–2025,state/year/species,ID,2024,Dog,Relinquished by Owner,6016
SAC 2024–2025,state/year/species,ID,2024,Dog,Seized,2635
SAC 2024–2025,state/year/species,ID,2024,Dog,Other Intakes,1467
SAC 2024–2025,state/year/species,ID,2024,Dog,Transferred In,4220
SAC 2024–2025,state/year/species,ID,2024,Dog,Adoption,14606
SAC 2024–2025,state/year/species,ID,2024,Dog,Return to Owner,6829
SAC 2024–2025,state/year/species,ID,2024,Dog,Return to Field,21
SAC 2024–2025,state/year/species,ID,2024,Dog,Other Live Outcomes,564
SAC 2024–2025,state/year/species,ID,2024,Dog,Transferred Out,2892
SAC 2024–2025,state/year/species,ID,2024,Dog,Shelter Euthanasia,1799
SAC 2024–2025,state/year/species,ID,2024,Dog,Died in Care,208
SAC 2024–2025,state/year/species,ID,2024,Dog,Lost in Care,36
SAC 2024–2025,state/year/species,ID,2025,Dog,Gross Intakes,25982
SAC 2024–2025,state/year/species,ID,2025,Dog,Community Intakes,21511
SAC 2024–2025,state/year/species,ID,2025,Dog,Gross Outcomes,25657
SAC 2024–2025,state/year/species,ID,2025,Dog,Stray at Large,11839
SAC 2024–2025,state/year/species,ID,2025,Dog,Relinquished by Owner,6411
SAC 2024–2025,state/year/species,ID,2025,Dog,Seized,1915
SAC 2024–2025,state/year/species,ID,2025,Dog,Other Intakes,1346
SAC 2024–2025,state/year/species,ID,2025,Dog,Transferred In,4471
SAC 2024–2025,state/year/species,ID,2025,Dog,Adoption,13900
SAC 2024–2025,state/year/species,ID,2025,Dog,Return to Owner,6716
SAC 2024–2025,state/year/species,ID,2025,Dog,Return to Field,21
SAC 2024–2025,state/year/species,ID,2025,Dog,Other Live Outcomes,466
SAC 2024–2025,state/year/species,ID,2025,Dog,Transferred Out,2720
SAC 2024–2025,state/year/species,ID,2025,Dog,Shelter Euthanasia,1590
SAC 2024–2025,state/year/species,ID,2025,Dog,Died in Care,189
SAC 2024–2025,state/year/species,ID,2025,Dog,Lost in Care,57
SAC 2024–2025,state/year/species,IL,2024,Dog,Gross Intakes,78765
SAC 2024–2025,state/year/species,IL,2024,Dog,Community Intakes,53680
SAC 2024–2025,state/year/species,IL,2024,Dog,Gross Outcomes,79377
SAC 2024–2025,state/year/species,IL,2024,Dog,Stray at Large,25516
SAC 2024–2025,state/year/species,IL,2024,Dog,Relinquished by Owner,21019
SAC 2024–2025,state/year/species,IL,2024,Dog,Seized,3138
SAC 2024–2025,state/year/species,IL,2024,Dog,Other Intakes,4007
SAC 2024–2025,state/year/species,IL,2024,Dog,Transferred In,25085
SAC 2024–2025,state/year/species,IL,2024,Dog,Adoption,53104
SAC 2024–2025,state/year/species,IL,2024,Dog,Return to Owner,8654
SAC 2024–2025,state/year/species,IL,2024,Dog,Return to Field,136
SAC 2024–2025,state/year/species,IL,2024,Dog,Other Live Outcomes,870
SAC 2024–2025,state/year/species,IL,2024,Dog,Transferred Out,9301
SAC 2024–2025,state/year/species,IL,2024,Dog,Shelter Euthanasia,6410
SAC 2024–2025,state/year/species,IL,2024,Dog,Died in Care,814
SAC 2024–2025,state/year/species,IL,2024,Dog,Lost in Care,86
SAC 2024–2025,state/year/species,IL,2025,Dog,Gross Intakes,77587
SAC 2024–2025,state/year/species,IL,2025,Dog,Community Intakes,51352
SAC 2024–2025,state/year/species,IL,2025,Dog,Gross Outcomes,79715
SAC 2024–2025,state/year/species,IL,2025,Dog,Stray at Large,24069
SAC 2024–2025,state/year/species,IL,2025,Dog,Relinquished by Owner,20543
SAC 2024–2025,state/year/species,IL,2025,Dog,Seized,2631
SAC 2024–2025,state/year/species,IL,2025,Dog,Other Intakes,4109
SAC 2024–2025,state/year/species,IL,2025,Dog,Transferred In,26235
SAC 2024–2025,state/year/species,IL,2025,Dog,Adoption,53446
SAC 2024–2025,state/year/species,IL,2025,Dog,Return to Owner,8670
SAC 2024–2025,state/year/species,IL,2025,Dog,Return to Field,145
SAC 2024–2025,state/year/species,IL,2025,Dog,Other Live Outcomes,956
SAC 2024–2025,state/year/species,IL,2025,Dog,Transferred Out,9119
SAC 2024–2025,state/year/species,IL,2025,Dog,Shelter Euthanasia,6229
SAC 2024–2025,state/year/species,IL,2025,Dog,Died in Care,806
SAC 2024–2025,state/year/species,IL,2025,Dog,Lost in Care,345
SAC 2024–2025,state/year/species,IN,2024,Dog,Gross Intakes,63674
SAC 2024–2025,state/year/species,IN,2024,Dog,Community Intakes,51761
SAC 2024–2025,state/year/species,IN,2024,Dog,Gross Outcomes,63222
SAC 2024–2025,state/year/species,IN,2024,Dog,Stray at Large,27945
SAC 2024–2025,state/year/species,IN,2024,Dog,Relinquished by Owner,16208
SAC 2024–2025,state/year/species,IN,2024,Dog,Seized,3144
SAC 2024–2025,state/year/species,IN,2024,Dog,Other Intakes,4463
SAC 2024–2025,state/year/species,IN,2024,Dog,Transferred In,11913
SAC 2024–2025,state/year/species,IN,2024,Dog,Adoption,36821
SAC 2024–2025,state/year/species,IN,2024,Dog,Return to Owner,11381
SAC 2024–2025,state/year/species,IN,2024,Dog,Return to Field,51
SAC 2024–2025,state/year/species,IN,2024,Dog,Other Live Outcomes,1297
SAC 2024–2025,state/year/species,IN,2024,Dog,Transferred Out,7487
SAC 2024–2025,state/year/species,IN,2024,Dog,Shelter Euthanasia,5549
SAC 2024–2025,state/year/species,IN,2024,Dog,Died in Care,556
SAC 2024–2025,state/year/species,IN,2024,Dog,Lost in Care,80
SAC 2024–2025,state/year/species,IN,2025,Dog,Gross Intakes,63735
SAC 2024–2025,state/year/species,IN,2025,Dog,Community Intakes,51702
SAC 2024–2025,state/year/species,IN,2025,Dog,Gross Outcomes,63302
SAC 2024–2025,state/year/species,IN,2025,Dog,Stray at Large,28074
SAC 2024–2025,state/year/species,IN,2025,Dog,Relinquished by Owner,16715
SAC 2024–2025,state/year/species,IN,2025,Dog,Seized,3096
SAC 2024–2025,state/year/species,IN,2025,Dog,Other Intakes,3816
SAC 2024–2025,state/year/species,IN,2025,Dog,Transferred In,12033
SAC 2024–2025,state/year/species,IN,2025,Dog,Adoption,36979
SAC 2024–2025,state/year/species,IN,2025,Dog,Return to Owner,11167
SAC 2024–2025,state/year/species,IN,2025,Dog,Return to Field,56
SAC 2024–2025,state/year/species,IN,2025,Dog,Other Live Outcomes,822
SAC 2024–2025,state/year/species,IN,2025,Dog,Transferred Out,8068
SAC 2024–2025,state/year/species,IN,2025,Dog,Shelter Euthanasia,5452
SAC 2024–2025,state/year/species,IN,2025,Dog,Died in Care,590
SAC 2024–2025,state/year/species,IN,2025,Dog,Lost in Care,168
SAC 2024–2025,state/year/species,KS,2024,Dog,Gross Intakes,58555
SAC 2024–2025,state/year/species,KS,2024,Dog,Community Intakes,48948
SAC 2024–2025,state/year/species,KS,2024,Dog,Gross Outcomes,56152
SAC 2024–2025,state/year/species,KS,2024,Dog,Stray at Large,30292
SAC 2024–2025,state/year/species,KS,2024,Dog,Relinquished by Owner,13282
SAC 2024–2025,state/year/species,KS,2024,Dog,Seized,2528
SAC 2024–2025,state/year/species,KS,2024,Dog,Other Intakes,2846
SAC 2024–2025,state/year/species,KS,2024,Dog,Transferred In,9607
SAC 2024–2025,state/year/species,KS,2024,Dog,Adoption,29712
SAC 2024–2025,state/year/species,KS,2024,Dog,Return to Owner,11329
SAC 2024–2025,state/year/species,KS,2024,Dog,Return to Field,73
SAC 2024–2025,state/year/species,KS,2024,Dog,Other Live Outcomes,867
SAC 2024–2025,state/year/species,KS,2024,Dog,Transferred Out,7892
SAC 2024–2025,state/year/species,KS,2024,Dog,Shelter Euthanasia,5723
SAC 2024–2025,state/year/species,KS,2024,Dog,Died in Care,467
SAC 2024–2025,state/year/species,KS,2024,Dog,Lost in Care,88
SAC 2024–2025,state/year/species,KS,2025,Dog,Gross Intakes,57206
SAC 2024–2025,state/year/species,KS,2025,Dog,Community Intakes,47207
SAC 2024–2025,state/year/species,KS,2025,Dog,Gross Outcomes,55873
SAC 2024–2025,state/year/species,KS,2025,Dog,Stray at Large,28445
SAC 2024–2025,state/year/species,KS,2025,Dog,Relinquished by Owner,13389
SAC 2024–2025,state/year/species,KS,2025,Dog,Seized,2588
SAC 2024–2025,state/year/species,KS,2025,Dog,Other Intakes,2784
SAC 2024–2025,state/year/species,KS,2025,Dog,Transferred In,9999
SAC 2024–2025,state/year/species,KS,2025,Dog,Adoption,29830
SAC 2024–2025,state/year/species,KS,2025,Dog,Return to Owner,11251
SAC 2024–2025,state/year/species,KS,2025,Dog,Return to Field,75
SAC 2024–2025,state/year/species,KS,2025,Dog,Other Live Outcomes,726
SAC 2024–2025,state/year/species,KS,2025,Dog,Transferred Out,7652
SAC 2024–2025,state/year/species,KS,2025,Dog,Shelter Euthanasia,5481
SAC 2024–2025,state/year/species,KS,2025,Dog,Died in Care,760
SAC 2024–2025,state/year/species,KS,2025,Dog,Lost in Care,96
SAC 2024–2025,state/year/species,KY,2024,Dog,Gross Intakes,80635
SAC 2024–2025,state/year/species,KY,2024,Dog,Community Intakes,70625
SAC 2024–2025,state/year/species,KY,2024,Dog,Gross Outcomes,78842
SAC 2024–2025,state/year/species,KY,2024,Dog,Stray at Large,41445
SAC 2024–2025,state/year/species,KY,2024,Dog,Relinquished by Owner,21340
SAC 2024–2025,state/year/species,KY,2024,Dog,Seized,3128
SAC 2024–2025,state/year/species,KY,2024,Dog,Other Intakes,4712
SAC 2024–2025,state/year/species,KY,2024,Dog,Transferred In,10009
SAC 2024–2025,state/year/species,KY,2024,Dog,Adoption,40011
SAC 2024–2025,state/year/species,KY,2024,Dog,Return to Owner,13612
SAC 2024–2025,state/year/species,KY,2024,Dog,Return to Field,129
SAC 2024–2025,state/year/species,KY,2024,Dog,Other Live Outcomes,1038
SAC 2024–2025,state/year/species,KY,2024,Dog,Transferred Out,14324
SAC 2024–2025,state/year/species,KY,2024,Dog,Shelter Euthanasia,8788
SAC 2024–2025,state/year/species,KY,2024,Dog,Died in Care,814
SAC 2024–2025,state/year/species,KY,2024,Dog,Lost in Care,125
SAC 2024–2025,state/year/species,KY,2025,Dog,Gross Intakes,76191
SAC 2024–2025,state/year/species,KY,2025,Dog,Community Intakes,66129
SAC 2024–2025,state/year/species,KY,2025,Dog,Gross Outcomes,75418
SAC 2024–2025,state/year/species,KY,2025,Dog,Stray at Large,37823
SAC 2024–2025,state/year/species,KY,2025,Dog,Relinquished by Owner,20939
SAC 2024–2025,state/year/species,KY,2025,Dog,Seized,2997
SAC 2024–2025,state/year/species,KY,2025,Dog,Other Intakes,4371
SAC 2024–2025,state/year/species,KY,2025,Dog,Transferred In,10062
SAC 2024–2025,state/year/species,KY,2025,Dog,Adoption,38762
SAC 2024–2025,state/year/species,KY,2025,Dog,Return to Owner,12722
SAC 2024–2025,state/year/species,KY,2025,Dog,Return to Field,128
SAC 2024–2025,state/year/species,KY,2025,Dog,Other Live Outcomes,931
SAC 2024–2025,state/year/species,KY,2025,Dog,Transferred Out,13727
SAC 2024–2025,state/year/species,KY,2025,Dog,Shelter Euthanasia,8255
SAC 2024–2025,state/year/species,KY,2025,Dog,Died in Care,717
SAC 2024–2025,state/year/species,KY,2025,Dog,Lost in Care,175
SAC 2024–2025,state/year/species,LA,2024,Dog,Gross Intakes,70087
SAC 2024–2025,state/year/species,LA,2024,Dog,Community Intakes,62011
SAC 2024–2025,state/year/species,LA,2024,Dog,Gross Outcomes,66515
SAC 2024–2025,state/year/species,LA,2024,Dog,Stray at Large,37028
SAC 2024–2025,state/year/species,LA,2024,Dog,Relinquished by Owner,14392
SAC 2024–2025,state/year/species,LA,2024,Dog,Seized,6891
SAC 2024–2025,state/year/species,LA,2024,Dog,Other Intakes,3700
SAC 2024–2025,state/year/species,LA,2024,Dog,Transferred In,8076
SAC 2024–2025,state/year/species,LA,2024,Dog,Adoption,30810
SAC 2024–2025,state/year/species,LA,2024,Dog,Return to Owner,10061
SAC 2024–2025,state/year/species,LA,2024,Dog,Return to Field,77
SAC 2024–2025,state/year/species,LA,2024,Dog,Other Live Outcomes,771
SAC 2024–2025,state/year/species,LA,2024,Dog,Transferred Out,14177
SAC 2024–2025,state/year/species,LA,2024,Dog,Shelter Euthanasia,9737
SAC 2024–2025,state/year/species,LA,2024,Dog,Died in Care,753
SAC 2024–2025,state/year/species,LA,2024,Dog,Lost in Care,129
SAC 2024–2025,state/year/species,LA,2025,Dog,Gross Intakes,68486
SAC 2024–2025,state/year/species,LA,2025,Dog,Community Intakes,59501
SAC 2024–2025,state/year/species,LA,2025,Dog,Gross Outcomes,66902
SAC 2024–2025,state/year/species,LA,2025,Dog,Stray at Large,33455
SAC 2024–2025,state/year/species,LA,2025,Dog,Relinquished by Owner,14784
SAC 2024–2025,state/year/species,LA,2025,Dog,Seized,7215
SAC 2024–2025,state/year/species,LA,2025,Dog,Other Intakes,4047
SAC 2024–2025,state/year/species,LA,2025,Dog,Transferred In,8985
SAC 2024–2025,state/year/species,LA,2025,Dog,Adoption,31814
SAC 2024–2025,state/year/species,LA,2025,Dog,Return to Owner,10184
SAC 2024–2025,state/year/species,LA,2025,Dog,Return to Field,94
SAC 2024–2025,state/year/species,LA,2025,Dog,Other Live Outcomes,947
SAC 2024–2025,state/year/species,LA,2025,Dog,Transferred Out,13008
SAC 2024–2025,state/year/species,LA,2025,Dog,Shelter Euthanasia,9955
SAC 2024–2025,state/year/species,LA,2025,Dog,Died in Care,702
SAC 2024–2025,state/year/species,LA,2025,Dog,Lost in Care,199
SAC 2024–2025,state/year/species,MA,2024,Dog,Gross Intakes,21864
SAC 2024–2025,state/year/species,MA,2024,Dog,Community Intakes,12965
SAC 2024–2025,state/year/species,MA,2024,Dog,Gross Outcomes,21768
SAC 2024–2025,state/year/species,MA,2024,Dog,Stray at Large,4820
SAC 2024–2025,state/year/species,MA,2024,Dog,Relinquished by Owner,5793
SAC 2024–2025,state/year/species,MA,2024,Dog,Seized,370
SAC 2024–2025,state/year/species,MA,2024,Dog,Other Intakes,1982
SAC 2024–2025,state/year/species,MA,2024,Dog,Transferred In,8899
SAC 2024–2025,state/year/species,MA,2024,Dog,Adoption,15852
SAC 2024–2025,state/year/species,MA,2024,Dog,Return to Owner,2155
SAC 2024–2025,state/year/species,MA,2024,Dog,Return to Field,8
SAC 2024–2025,state/year/species,MA,2024,Dog,Other Live Outcomes,219
SAC 2024–2025,state/year/species,MA,2024,Dog,Transferred Out,2129
SAC 2024–2025,state/year/species,MA,2024,Dog,Shelter Euthanasia,1233
SAC 2024–2025,state/year/species,MA,2024,Dog,Died in Care,158
SAC 2024–2025,state/year/species,MA,2024,Dog,Lost in Care,14
SAC 2024–2025,state/year/species,MA,2025,Dog,Gross Intakes,21665
SAC 2024–2025,state/year/species,MA,2025,Dog,Community Intakes,12514
SAC 2024–2025,state/year/species,MA,2025,Dog,Gross Outcomes,22314
SAC 2024–2025,state/year/species,MA,2025,Dog,Stray at Large,4259
SAC 2024–2025,state/year/species,MA,2025,Dog,Relinquished by Owner,5739
SAC 2024–2025,state/year/species,MA,2025,Dog,Seized,350
SAC 2024–2025,state/year/species,MA,2025,Dog,Other Intakes,2166
SAC 2024–2025,state/year/species,MA,2025,Dog,Transferred In,9151
SAC 2024–2025,state/year/species,MA,2025,Dog,Adoption,15829
SAC 2024–2025,state/year/species,MA,2025,Dog,Return to Owner,2190
SAC 2024–2025,state/year/species,MA,2025,Dog,Return to Field,5
SAC 2024–2025,state/year/species,MA,2025,Dog,Other Live Outcomes,231
SAC 2024–2025,state/year/species,MA,2025,Dog,Transferred Out,2540
SAC 2024–2025,state/year/species,MA,2025,Dog,Shelter Euthanasia,1242
SAC 2024–2025,state/year/species,MA,2025,Dog,Died in Care,191
SAC 2024–2025,state/year/species,MA,2025,Dog,Lost in Care,85
SAC 2024–2025,state/year/species,MD,2024,Dog,Gross Intakes,39736
SAC 2024–2025,state/year/species,MD,2024,Dog,Community Intakes,31692
SAC 2024–2025,state/year/species,MD,2024,Dog,Gross Outcomes,38836
SAC 2024–2025,state/year/species,MD,2024,Dog,Stray at Large,15195
SAC 2024–2025,state/year/species,MD,2024,Dog,Relinquished by Owner,9667
SAC 2024–2025,state/year/species,MD,2024,Dog,Seized,1246
SAC 2024–2025,state/year/species,MD,2024,Dog,Other Intakes,5583
SAC 2024–2025,state/year/species,MD,2024,Dog,Transferred In,8044
SAC 2024–2025,state/year/species,MD,2024,Dog,Adoption,22808
SAC 2024–2025,state/year/species,MD,2024,Dog,Return to Owner,5936
SAC 2024–2025,state/year/species,MD,2024,Dog,Return to Field,28
SAC 2024–2025,state/year/species,MD,2024,Dog,Other Live Outcomes,524
SAC 2024–2025,state/year/species,MD,2024,Dog,Transferred Out,5319
SAC 2024–2025,state/year/species,MD,2024,Dog,Shelter Euthanasia,3877
SAC 2024–2025,state/year/species,MD,2024,Dog,Died in Care,304
SAC 2024–2025,state/year/species,MD,2024,Dog,Lost in Care,41
SAC 2024–2025,state/year/species,MD,2025,Dog,Gross Intakes,35328
SAC 2024–2025,state/year/species,MD,2025,Dog,Community Intakes,28052
SAC 2024–2025,state/year/species,MD,2025,Dog,Gross Outcomes,35366
SAC 2024–2025,state/year/species,MD,2025,Dog,Stray at Large,12422
SAC 2024–2025,state/year/species,MD,2025,Dog,Relinquished by Owner,8873
SAC 2024–2025,state/year/species,MD,2025,Dog,Seized,1183
SAC 2024–2025,state/year/species,MD,2025,Dog,Other Intakes,5575
SAC 2024–2025,state/year/species,MD,2025,Dog,Transferred In,7275
SAC 2024–2025,state/year/species,MD,2025,Dog,Adoption,20806
SAC 2024–2025,state/year/species,MD,2025,Dog,Return to Owner,5104
SAC 2024–2025,state/year/species,MD,2025,Dog,Return to Field,28
SAC 2024–2025,state/year/species,MD,2025,Dog,Other Live Outcomes,497
SAC 2024–2025,state/year/species,MD,2025,Dog,Transferred Out,5066
SAC 2024–2025,state/year/species,MD,2025,Dog,Shelter Euthanasia,3457
SAC 2024–2025,state/year/species,MD,2025,Dog,Died in Care,294
SAC 2024–2025,state/year/species,MD,2025,Dog,Lost in Care,115
SAC 2024–2025,state/year/species,ME,2024,Dog,Gross Intakes,8002
SAC 2024–2025,state/year/species,ME,2024,Dog,Community Intakes,5266
SAC 2024–2025,state/year/species,ME,2024,Dog,Gross Outcomes,7916
SAC 2024–2025,state/year/species,ME,2024,Dog,Stray at Large,1842
SAC 2024–2025,state/year/species,ME,2024,Dog,Relinquished by Owner,2384
SAC 2024–2025,state/year/species,ME,2024,Dog,Seized,237
SAC 2024–2025,state/year/species,ME,2024,Dog,Other Intakes,804
SAC 2024–2025,state/year/species,ME,2024,Dog,Transferred In,2736
SAC 2024–2025,state/year/species,ME,2024,Dog,Adoption,5490
SAC 2024–2025,state/year/species,ME,2024,Dog,Return to Owner,1464
SAC 2024–2025,state/year/species,ME,2024,Dog,Return to Field,1
SAC 2024–2025,state/year/species,ME,2024,Dog,Other Live Outcomes,100
SAC 2024–2025,state/year/species,ME,2024,Dog,Transferred Out,481
SAC 2024–2025,state/year/species,ME,2024,Dog,Shelter Euthanasia,321
SAC 2024–2025,state/year/species,ME,2024,Dog,Died in Care,55
SAC 2024–2025,state/year/species,ME,2024,Dog,Lost in Care,4
SAC 2024–2025,state/year/species,ME,2025,Dog,Gross Intakes,7275
SAC 2024–2025,state/year/species,ME,2025,Dog,Community Intakes,5048
SAC 2024–2025,state/year/species,ME,2025,Dog,Gross Outcomes,7353
SAC 2024–2025,state/year/species,ME,2025,Dog,Stray at Large,1917
SAC 2024–2025,state/year/species,ME,2025,Dog,Relinquished by Owner,2470
SAC 2024–2025,state/year/species,ME,2025,Dog,Seized,213
SAC 2024–2025,state/year/species,ME,2025,Dog,Other Intakes,448
SAC 2024–2025,state/year/species,ME,2025,Dog,Transferred In,2228
SAC 2024–2025,state/year/species,ME,2025,Dog,Adoption,5245
SAC 2024–2025,state/year/species,ME,2025,Dog,Return to Owner,1248
SAC 2024–2025,state/year/species,ME,2025,Dog,Return to Field,0
SAC 2024–2025,state/year/species,ME,2025,Dog,Other Live Outcomes,64
SAC 2024–2025,state/year/species,ME,2025,Dog,Transferred Out,452
SAC 2024–2025,state/year/species,ME,2025,Dog,Shelter Euthanasia,273
SAC 2024–2025,state/year/species,ME,2025,Dog,Died in Care,46
SAC 2024–2025,state/year/species,ME,2025,Dog,Lost in Care,26
SAC 2024–2025,state/year/species,MI,2024,Dog,Gross Intakes,65741
SAC 2024–2025,state/year/species,MI,2024,Dog,Community Intakes,53071
SAC 2024–2025,state/year/species,MI,2024,Dog,Gross Outcomes,62683
SAC 2024–2025,state/year/species,MI,2024,Dog,Stray at Large,29903
SAC 2024–2025,state/year/species,MI,2024,Dog,Relinquished by Owner,15480
SAC 2024–2025,state/year/species,MI,2024,Dog,Seized,1691
SAC 2024–2025,state/year/species,MI,2024,Dog,Other Intakes,5996
SAC 2024–2025,state/year/species,MI,2024,Dog,Transferred In,12670
SAC 2024–2025,state/year/species,MI,2024,Dog,Adoption,35370
SAC 2024–2025,state/year/species,MI,2024,Dog,Return to Owner,9795
SAC 2024–2025,state/year/species,MI,2024,Dog,Return to Field,43
SAC 2024–2025,state/year/species,MI,2024,Dog,Other Live Outcomes,2107
SAC 2024–2025,state/year/species,MI,2024,Dog,Transferred Out,7376
SAC 2024–2025,state/year/species,MI,2024,Dog,Shelter Euthanasia,7282
SAC 2024–2025,state/year/species,MI,2024,Dog,Died in Care,519
SAC 2024–2025,state/year/species,MI,2024,Dog,Lost in Care,190
SAC 2024–2025,state/year/species,MI,2025,Dog,Gross Intakes,67465
SAC 2024–2025,state/year/species,MI,2025,Dog,Community Intakes,53091
SAC 2024–2025,state/year/species,MI,2025,Dog,Gross Outcomes,66466
SAC 2024–2025,state/year/species,MI,2025,Dog,Stray at Large,29138
SAC 2024–2025,state/year/species,MI,2025,Dog,Relinquished by Owner,16419
SAC 2024–2025,state/year/species,MI,2025,Dog,Seized,1509
SAC 2024–2025,state/year/species,MI,2025,Dog,Other Intakes,6025
SAC 2024–2025,state/year/species,MI,2025,Dog,Transferred In,14374
SAC 2024–2025,state/year/species,MI,2025,Dog,Adoption,37313
SAC 2024–2025,state/year/species,MI,2025,Dog,Return to Owner,10416
SAC 2024–2025,state/year/species,MI,2025,Dog,Return to Field,90
SAC 2024–2025,state/year/species,MI,2025,Dog,Other Live Outcomes,1868
SAC 2024–2025,state/year/species,MI,2025,Dog,Transferred Out,8451
SAC 2024–2025,state/year/species,MI,2025,Dog,Shelter Euthanasia,7397
SAC 2024–2025,state/year/species,MI,2025,Dog,Died in Care,560
SAC 2024–2025,state/year/species,MI,2025,Dog,Lost in Care,371
SAC 2024–2025,state/year/species,MN,2024,Dog,Gross Intakes,62884
SAC 2024–2025,state/year/species,MN,2024,Dog,Community Intakes,48171
SAC 2024–2025,state/year/species,MN,2024,Dog,Gross Outcomes,61541
SAC 2024–2025,state/year/species,MN,2024,Dog,Stray at Large,25843
SAC 2024–2025,state/year/species,MN,2024,Dog,Relinquished by Owner,15469
SAC 2024–2025,state/year/species,MN,2024,Dog,Seized,3174
SAC 2024–2025,state/year/species,MN,2024,Dog,Other Intakes,3685
SAC 2024–2025,state/year/species,MN,2024,Dog,Transferred In,14713
SAC 2024–2025,state/year/species,MN,2024,Dog,Adoption,37409
SAC 2024–2025,state/year/species,MN,2024,Dog,Return to Owner,9927
SAC 2024–2025,state/year/species,MN,2024,Dog,Return to Field,50
SAC 2024–2025,state/year/species,MN,2024,Dog,Other Live Outcomes,793
SAC 2024–2025,state/year/species,MN,2024,Dog,Transferred Out,7394
SAC 2024–2025,state/year/species,MN,2024,Dog,Shelter Euthanasia,5417
SAC 2024–2025,state/year/species,MN,2024,Dog,Died in Care,468
SAC 2024–2025,state/year/species,MN,2024,Dog,Lost in Care,83
SAC 2024–2025,state/year/species,MN,2025,Dog,Gross Intakes,62981
SAC 2024–2025,state/year/species,MN,2025,Dog,Community Intakes,46951
SAC 2024–2025,state/year/species,MN,2025,Dog,Gross Outcomes,62092
SAC 2024–2025,state/year/species,MN,2025,Dog,Stray at Large,23975
SAC 2024–2025,state/year/species,MN,2025,Dog,Relinquished by Owner,16280
SAC 2024–2025,state/year/species,MN,2025,Dog,Seized,3241
SAC 2024–2025,state/year/species,MN,2025,Dog,Other Intakes,3455
SAC 2024–2025,state/year/species,MN,2025,Dog,Transferred In,16030
SAC 2024–2025,state/year/species,MN,2025,Dog,Adoption,36937
SAC 2024–2025,state/year/species,MN,2025,Dog,Return to Owner,9942
SAC 2024–2025,state/year/species,MN,2025,Dog,Return to Field,41
SAC 2024–2025,state/year/species,MN,2025,Dog,Other Live Outcomes,721
SAC 2024–2025,state/year/species,MN,2025,Dog,Transferred Out,8816
SAC 2024–2025,state/year/species,MN,2025,Dog,Shelter Euthanasia,4982
SAC 2024–2025,state/year/species,MN,2025,Dog,Died in Care,510
SAC 2024–2025,state/year/species,MN,2025,Dog,Lost in Care,143
SAC 2024–2025,state/year/species,MO,2024,Dog,Gross Intakes,109157
SAC 2024–2025,state/year/species,MO,2024,Dog,Community Intakes,94490
SAC 2024–2025,state/year/species,MO,2024,Dog,Gross Outcomes,107079
SAC 2024–2025,state/year/species,MO,2024,Dog,Stray at Large,55058
SAC 2024–2025,state/year/species,MO,2024,Dog,Relinquished by Owner,25392
SAC 2024–2025,state/year/species,MO,2024,Dog,Seized,8277
SAC 2024–2025,state/year/species,MO,2024,Dog,Other Intakes,5763
SAC 2024–2025,state/year/species,MO,2024,Dog,Transferred In,14667
SAC 2024–2025,state/year/species,MO,2024,Dog,Adoption,58914
SAC 2024–2025,state/year/species,MO,2024,Dog,Return to Owner,19345
SAC 2024–2025,state/year/species,MO,2024,Dog,Return to Field,153
SAC 2024–2025,state/year/species,MO,2024,Dog,Other Live Outcomes,1554
SAC 2024–2025,state/year/species,MO,2024,Dog,Transferred Out,14776
SAC 2024–2025,state/year/species,MO,2024,Dog,Shelter Euthanasia,11125
SAC 2024–2025,state/year/species,MO,2024,Dog,Died in Care,1024
SAC 2024–2025,state/year/species,MO,2024,Dog,Lost in Care,186
SAC 2024–2025,state/year/species,MO,2025,Dog,Gross Intakes,97263
SAC 2024–2025,state/year/species,MO,2025,Dog,Community Intakes,82600
SAC 2024–2025,state/year/species,MO,2025,Dog,Gross Outcomes,96752
SAC 2024–2025,state/year/species,MO,2025,Dog,Stray at Large,47116
SAC 2024–2025,state/year/species,MO,2025,Dog,Relinquished by Owner,22838
SAC 2024–2025,state/year/species,MO,2025,Dog,Seized,7680
SAC 2024–2025,state/year/species,MO,2025,Dog,Other Intakes,4966
SAC 2024–2025,state/year/species,MO,2025,Dog,Transferred In,14662
SAC 2024–2025,state/year/species,MO,2025,Dog,Adoption,53842
SAC 2024–2025,state/year/species,MO,2025,Dog,Return to Owner,16947
SAC 2024–2025,state/year/species,MO,2025,Dog,Return to Field,152
SAC 2024–2025,state/year/species,MO,2025,Dog,Other Live Outcomes,1336
SAC 2024–2025,state/year/species,MO,2025,Dog,Transferred Out,13540
SAC 2024–2025,state/year/species,MO,2025,Dog,Shelter Euthanasia,9860
SAC 2024–2025,state/year/species,MO,2025,Dog,Died in Care,858
SAC 2024–2025,state/year/species,MO,2025,Dog,Lost in Care,218
SAC 2024–2025,state/year/species,MS,2024,Dog,Gross Intakes,43696
SAC 2024–2025,state/year/species,MS,2024,Dog,Community Intakes,34535
SAC 2024–2025,state/year/species,MS,2024,Dog,Gross Outcomes,41368
SAC 2024–2025,state/year/species,MS,2024,Dog,Stray at Large,19790
SAC 2024–2025,state/year/species,MS,2024,Dog,Relinquished by Owner,10225
SAC 2024–2025,state/year/species,MS,2024,Dog,Seized,1944
SAC 2024–2025,state/year/species,MS,2024,Dog,Other Intakes,2577
SAC 2024–2025,state/year/species,MS,2024,Dog,Transferred In,9160
SAC 2024–2025,state/year/species,MS,2024,Dog,Adoption,21004
SAC 2024–2025,state/year/species,MS,2024,Dog,Return to Owner,5382
SAC 2024–2025,state/year/species,MS,2024,Dog,Return to Field,57
SAC 2024–2025,state/year/species,MS,2024,Dog,Other Live Outcomes,518
SAC 2024–2025,state/year/species,MS,2024,Dog,Transferred Out,9906
SAC 2024–2025,state/year/species,MS,2024,Dog,Shelter Euthanasia,3937
SAC 2024–2025,state/year/species,MS,2024,Dog,Died in Care,497
SAC 2024–2025,state/year/species,MS,2024,Dog,Lost in Care,67
SAC 2024–2025,state/year/species,MS,2025,Dog,Gross Intakes,40836
SAC 2024–2025,state/year/species,MS,2025,Dog,Community Intakes,32487
SAC 2024–2025,state/year/species,MS,2025,Dog,Gross Outcomes,40191
SAC 2024–2025,state/year/species,MS,2025,Dog,Stray at Large,18261
SAC 2024–2025,state/year/species,MS,2025,Dog,Relinquished by Owner,9931
SAC 2024–2025,state/year/species,MS,2025,Dog,Seized,1933
SAC 2024–2025,state/year/species,MS,2025,Dog,Other Intakes,2362
SAC 2024–2025,state/year/species,MS,2025,Dog,Transferred In,8349
SAC 2024–2025,state/year/species,MS,2025,Dog,Adoption,20806
SAC 2024–2025,state/year/species,MS,2025,Dog,Return to Owner,5337
SAC 2024–2025,state/year/species,MS,2025,Dog,Return to Field,37
SAC 2024–2025,state/year/species,MS,2025,Dog,Other Live Outcomes,461
SAC 2024–2025,state/year/species,MS,2025,Dog,Transferred Out,9171
SAC 2024–2025,state/year/species,MS,2025,Dog,Shelter Euthanasia,3785
SAC 2024–2025,state/year/species,MS,2025,Dog,Died in Care,436
SAC 2024–2025,state/year/species,MS,2025,Dog,Lost in Care,158
SAC 2024–2025,state/year/species,MT,2024,Dog,Gross Intakes,18874
SAC 2024–2025,state/year/species,MT,2024,Dog,Community Intakes,16591
SAC 2024–2025,state/year/species,MT,2024,Dog,Gross Outcomes,18823
SAC 2024–2025,state/year/species,MT,2024,Dog,Stray at Large,9257
SAC 2024–2025,state/year/species,MT,2024,Dog,Relinquished by Owner,4814
SAC 2024–2025,state/year/species,MT,2024,Dog,Seized,618
SAC 2024–2025,state/year/species,MT,2024,Dog,Other Intakes,1902
SAC 2024–2025,state/year/species,MT,2024,Dog,Transferred In,2283
SAC 2024–2025,state/year/species,MT,2024,Dog,Adoption,9799
SAC 2024–2025,state/year/species,MT,2024,Dog,Return to Owner,4934
SAC 2024–2025,state/year/species,MT,2024,Dog,Return to Field,12
SAC 2024–2025,state/year/species,MT,2024,Dog,Other Live Outcomes,1248
SAC 2024–2025,state/year/species,MT,2024,Dog,Transferred Out,1709
SAC 2024–2025,state/year/species,MT,2024,Dog,Shelter Euthanasia,985
SAC 2024–2025,state/year/species,MT,2024,Dog,Died in Care,106
SAC 2024–2025,state/year/species,MT,2024,Dog,Lost in Care,29
SAC 2024–2025,state/year/species,MT,2025,Dog,Gross Intakes,18556
SAC 2024–2025,state/year/species,MT,2025,Dog,Community Intakes,15951
SAC 2024–2025,state/year/species,MT,2025,Dog,Gross Outcomes,18187
SAC 2024–2025,state/year/species,MT,2025,Dog,Stray at Large,8456
SAC 2024–2025,state/year/species,MT,2025,Dog,Relinquished by Owner,4970
SAC 2024–2025,state/year/species,MT,2025,Dog,Seized,574
SAC 2024–2025,state/year/species,MT,2025,Dog,Other Intakes,1950
SAC 2024–2025,state/year/species,MT,2025,Dog,Transferred In,2606
SAC 2024–2025,state/year/species,MT,2025,Dog,Adoption,9811
SAC 2024–2025,state/year/species,MT,2025,Dog,Return to Owner,4410
SAC 2024–2025,state/year/species,MT,2025,Dog,Return to Field,12
SAC 2024–2025,state/year/species,MT,2025,Dog,Other Live Outcomes,1107
SAC 2024–2025,state/year/species,MT,2025,Dog,Transferred Out,1757
SAC 2024–2025,state/year/species,MT,2025,Dog,Shelter Euthanasia,922
SAC 2024–2025,state/year/species,MT,2025,Dog,Died in Care,121
SAC 2024–2025,state/year/species,MT,2025,Dog,Lost in Care,48
SAC 2024–2025,state/year/species,NC,2024,Dog,Gross Intakes,113192
SAC 2024–2025,state/year/species,NC,2024,Dog,Community Intakes,91146
SAC 2024–2025,state/year/species,NC,2024,Dog,Gross Outcomes,110080
SAC 2024–2025,state/year/species,NC,2024,Dog,Stray at Large,51572
SAC 2024–2025,state/year/species,NC,2024,Dog,Relinquished by Owner,26758
SAC 2024–2025,state/year/species,NC,2024,Dog,Seized,5215
SAC 2024–2025,state/year/species,NC,2024,Dog,Other Intakes,7601
SAC 2024–2025,state/year/species,NC,2024,Dog,Transferred In,22046
SAC 2024–2025,state/year/species,NC,2024,Dog,Adoption,64343
SAC 2024–2025,state/year/species,NC,2024,Dog,Return to Owner,15665
SAC 2024–2025,state/year/species,NC,2024,Dog,Return to Field,79
SAC 2024–2025,state/year/species,NC,2024,Dog,Other Live Outcomes,1240
SAC 2024–2025,state/year/species,NC,2024,Dog,Transferred Out,16117
SAC 2024–2025,state/year/species,NC,2024,Dog,Shelter Euthanasia,11424
SAC 2024–2025,state/year/species,NC,2024,Dog,Died in Care,1040
SAC 2024–2025,state/year/species,NC,2024,Dog,Lost in Care,172
SAC 2024–2025,state/year/species,NC,2025,Dog,Gross Intakes,107437
SAC 2024–2025,state/year/species,NC,2025,Dog,Community Intakes,84975
SAC 2024–2025,state/year/species,NC,2025,Dog,Gross Outcomes,108666
SAC 2024–2025,state/year/species,NC,2025,Dog,Stray at Large,46040
SAC 2024–2025,state/year/species,NC,2025,Dog,Relinquished by Owner,26685
SAC 2024–2025,state/year/species,NC,2025,Dog,Seized,5589
SAC 2024–2025,state/year/species,NC,2025,Dog,Other Intakes,6661
SAC 2024–2025,state/year/species,NC,2025,Dog,Transferred In,22462
SAC 2024–2025,state/year/species,NC,2025,Dog,Adoption,64223
SAC 2024–2025,state/year/species,NC,2025,Dog,Return to Owner,14728
SAC 2024–2025,state/year/species,NC,2025,Dog,Return to Field,91
SAC 2024–2025,state/year/species,NC,2025,Dog,Other Live Outcomes,1216
SAC 2024–2025,state/year/species,NC,2025,Dog,Transferred Out,15925
SAC 2024–2025,state/year/species,NC,2025,Dog,Shelter Euthanasia,11077
SAC 2024–2025,state/year/species,NC,2025,Dog,Died in Care,1058
SAC 2024–2025,state/year/species,NC,2025,Dog,Lost in Care,348
SAC 2024–2025,state/year/species,ND,2024,Dog,Gross Intakes,8632
SAC 2024–2025,state/year/species,ND,2024,Dog,Community Intakes,7131
SAC 2024–2025,state/year/species,ND,2024,Dog,Gross Outcomes,8351
SAC 2024–2025,state/year/species,ND,2024,Dog,Stray at Large,3849
SAC 2024–2025,state/year/species,ND,2024,Dog,Relinquished by Owner,2281
SAC 2024–2025,state/year/species,ND,2024,Dog,Seized,315
SAC 2024–2025,state/year/species,ND,2024,Dog,Other Intakes,686
SAC 2024–2025,state/year/species,ND,2024,Dog,Transferred In,1501
SAC 2024–2025,state/year/species,ND,2024,Dog,Adoption,4743
SAC 2024–2025,state/year/species,ND,2024,Dog,Return to Owner,1287
SAC 2024–2025,state/year/species,ND,2024,Dog,Return to Field,10
SAC 2024–2025,state/year/species,ND,2024,Dog,Other Live Outcomes,116
SAC 2024–2025,state/year/species,ND,2024,Dog,Transferred Out,1461
SAC 2024–2025,state/year/species,ND,2024,Dog,Shelter Euthanasia,636
SAC 2024–2025,state/year/species,ND,2024,Dog,Died in Care,88
SAC 2024–2025,state/year/species,ND,2024,Dog,Lost in Care,12
SAC 2024–2025,state/year/species,ND,2025,Dog,Gross Intakes,8356
SAC 2024–2025,state/year/species,ND,2025,Dog,Community Intakes,7091
SAC 2024–2025,state/year/species,ND,2025,Dog,Gross Outcomes,8300
SAC 2024–2025,state/year/species,ND,2025,Dog,Stray at Large,3799
SAC 2024–2025,state/year/species,ND,2025,Dog,Relinquished by Owner,2163
SAC 2024–2025,state/year/species,ND,2025,Dog,Seized,326
SAC 2024–2025,state/year/species,ND,2025,Dog,Other Intakes,803
SAC 2024–2025,state/year/species,ND,2025,Dog,Transferred In,1265
SAC 2024–2025,state/year/species,ND,2025,Dog,Adoption,4872
SAC 2024–2025,state/year/species,ND,2025,Dog,Return to Owner,1367
SAC 2024–2025,state/year/species,ND,2025,Dog,Return to Field,11
SAC 2024–2025,state/year/species,ND,2025,Dog,Other Live Outcomes,114
SAC 2024–2025,state/year/species,ND,2025,Dog,Transferred Out,1202
SAC 2024–2025,state/year/species,ND,2025,Dog,Shelter Euthanasia,630
SAC 2024–2025,state/year/species,ND,2025,Dog,Died in Care,82
SAC 2024–2025,state/year/species,ND,2025,Dog,Lost in Care,23
SAC 2024–2025,state/year/species,NE,2024,Dog,Gross Intakes,31862
SAC 2024–2025,state/year/species,NE,2024,Dog,Community Intakes,28725
SAC 2024–2025,state/year/species,NE,2024,Dog,Gross Outcomes,31418
SAC 2024–2025,state/year/species,NE,2024,Dog,Stray at Large,18114
SAC 2024–2025,state/year/species,NE,2024,Dog,Relinquished by Owner,7221
SAC 2024–2025,state/year/species,NE,2024,Dog,Seized,1669
SAC 2024–2025,state/year/species,NE,2024,Dog,Other Intakes,1721
SAC 2024–2025,state/year/species,NE,2024,Dog,Transferred In,3137
SAC 2024–2025,state/year/species,NE,2024,Dog,Adoption,16392
SAC 2024–2025,state/year/species,NE,2024,Dog,Return to Owner,7433
SAC 2024–2025,state/year/species,NE,2024,Dog,Return to Field,35
SAC 2024–2025,state/year/species,NE,2024,Dog,Other Live Outcomes,403
SAC 2024–2025,state/year/species,NE,2024,Dog,Transferred Out,3643
SAC 2024–2025,state/year/species,NE,2024,Dog,Shelter Euthanasia,3215
SAC 2024–2025,state/year/species,NE,2024,Dog,Died in Care,249
SAC 2024–2025,state/year/species,NE,2024,Dog,Lost in Care,47
SAC 2024–2025,state/year/species,NE,2025,Dog,Gross Intakes,30778
SAC 2024–2025,state/year/species,NE,2025,Dog,Community Intakes,27453
SAC 2024–2025,state/year/species,NE,2025,Dog,Gross Outcomes,30772
SAC 2024–2025,state/year/species,NE,2025,Dog,Stray at Large,16531
SAC 2024–2025,state/year/species,NE,2025,Dog,Relinquished by Owner,7595
SAC 2024–2025,state/year/species,NE,2025,Dog,Seized,1678
SAC 2024–2025,state/year/species,NE,2025,Dog,Other Intakes,1649
SAC 2024–2025,state/year/species,NE,2025,Dog,Transferred In,3325
SAC 2024–2025,state/year/species,NE,2025,Dog,Adoption,16684
SAC 2024–2025,state/year/species,NE,2025,Dog,Return to Owner,7106
SAC 2024–2025,state/year/species,NE,2025,Dog,Return to Field,35
SAC 2024–2025,state/year/species,NE,2025,Dog,Other Live Outcomes,359
SAC 2024–2025,state/year/species,NE,2025,Dog,Transferred Out,3439
SAC 2024–2025,state/year/species,NE,2025,Dog,Shelter Euthanasia,2845
SAC 2024–2025,state/year/species,NE,2025,Dog,Died in Care,247
SAC 2024–2025,state/year/species,NE,2025,Dog,Lost in Care,58
SAC 2024–2025,state/year/species,NH,2024,Dog,Gross Intakes,7027
SAC 2024–2025,state/year/species,NH,2024,Dog,Community Intakes,4258
SAC 2024–2025,state/year/species,NH,2024,Dog,Gross Outcomes,7068
SAC 2024–2025,state/year/species,NH,2024,Dog,Stray at Large,1454
SAC 2024–2025,state/year/species,NH,2024,Dog,Relinquished by Owner,1968
SAC 2024–2025,state/year/species,NH,2024,Dog,Seized,235
SAC 2024–2025,state/year/species,NH,2024,Dog,Other Intakes,601
SAC 2024–2025,state/year/species,NH,2024,Dog,Transferred In,2769
SAC 2024–2025,state/year/species,NH,2024,Dog,Adoption,5112
SAC 2024–2025,state/year/species,NH,2024,Dog,Return to Owner,1069
SAC 2024–2025,state/year/species,NH,2024,Dog,Return to Field,1
SAC 2024–2025,state/year/species,NH,2024,Dog,Other Live Outcomes,72
SAC 2024–2025,state/year/species,NH,2024,Dog,Transferred Out,501
SAC 2024–2025,state/year/species,NH,2024,Dog,Shelter Euthanasia,246
SAC 2024–2025,state/year/species,NH,2024,Dog,Died in Care,64
SAC 2024–2025,state/year/species,NH,2024,Dog,Lost in Care,2
SAC 2024–2025,state/year/species,NH,2025,Dog,Gross Intakes,7751
SAC 2024–2025,state/year/species,NH,2025,Dog,Community Intakes,4507
SAC 2024–2025,state/year/species,NH,2025,Dog,Gross Outcomes,7821
SAC 2024–2025,state/year/species,NH,2025,Dog,Stray at Large,1315
SAC 2024–2025,state/year/species,NH,2025,Dog,Relinquished by Owner,2202
SAC 2024–2025,state/year/species,NH,2025,Dog,Seized,251
SAC 2024–2025,state/year/species,NH,2025,Dog,Other Intakes,739
SAC 2024–2025,state/year/species,NH,2025,Dog,Transferred In,3244
SAC 2024–2025,state/year/species,NH,2025,Dog,Adoption,5725
SAC 2024–2025,state/year/species,NH,2025,Dog,Return to Owner,1094
SAC 2024–2025,state/year/species,NH,2025,Dog,Return to Field,1
SAC 2024–2025,state/year/species,NH,2025,Dog,Other Live Outcomes,95
SAC 2024–2025,state/year/species,NH,2025,Dog,Transferred Out,536
SAC 2024–2025,state/year/species,NH,2025,Dog,Shelter Euthanasia,280
SAC 2024–2025,state/year/species,NH,2025,Dog,Died in Care,59
SAC 2024–2025,state/year/species,NH,2025,Dog,Lost in Care,32
SAC 2024–2025,state/year/species,NJ,2024,Dog,Gross Intakes,52067
SAC 2024–2025,state/year/species,NJ,2024,Dog,Community Intakes,35656
SAC 2024–2025,state/year/species,NJ,2024,Dog,Gross Outcomes,51728
SAC 2024–2025,state/year/species,NJ,2024,Dog,Stray at Large,19739
SAC 2024–2025,state/year/species,NJ,2024,Dog,Relinquished by Owner,11063
SAC 2024–2025,state/year/species,NJ,2024,Dog,Seized,1245
SAC 2024–2025,state/year/species,NJ,2024,Dog,Other Intakes,3608
SAC 2024–2025,state/year/species,NJ,2024,Dog,Transferred In,16412
SAC 2024–2025,state/year/species,NJ,2024,Dog,Adoption,33430
SAC 2024–2025,state/year/species,NJ,2024,Dog,Return to Owner,6970
SAC 2024–2025,state/year/species,NJ,2024,Dog,Return to Field,38
SAC 2024–2025,state/year/species,NJ,2024,Dog,Other Live Outcomes,706
SAC 2024–2025,state/year/species,NJ,2024,Dog,Transferred Out,6642
SAC 2024–2025,state/year/species,NJ,2024,Dog,Shelter Euthanasia,3265
SAC 2024–2025,state/year/species,NJ,2024,Dog,Died in Care,608
SAC 2024–2025,state/year/species,NJ,2024,Dog,Lost in Care,69
SAC 2024–2025,state/year/species,NJ,2025,Dog,Gross Intakes,48280
SAC 2024–2025,state/year/species,NJ,2025,Dog,Community Intakes,32710
SAC 2024–2025,state/year/species,NJ,2025,Dog,Gross Outcomes,48045
SAC 2024–2025,state/year/species,NJ,2025,Dog,Stray at Large,17484
SAC 2024–2025,state/year/species,NJ,2025,Dog,Relinquished by Owner,10596
SAC 2024–2025,state/year/species,NJ,2025,Dog,Seized,1094
SAC 2024–2025,state/year/species,NJ,2025,Dog,Other Intakes,3536
SAC 2024–2025,state/year/species,NJ,2025,Dog,Transferred In,15571
SAC 2024–2025,state/year/species,NJ,2025,Dog,Adoption,30787
SAC 2024–2025,state/year/species,NJ,2025,Dog,Return to Owner,6378
SAC 2024–2025,state/year/species,NJ,2025,Dog,Return to Field,43
SAC 2024–2025,state/year/species,NJ,2025,Dog,Other Live Outcomes,682
SAC 2024–2025,state/year/species,NJ,2025,Dog,Transferred Out,6421
SAC 2024–2025,state/year/species,NJ,2025,Dog,Shelter Euthanasia,2932
SAC 2024–2025,state/year/species,NJ,2025,Dog,Died in Care,613
SAC 2024–2025,state/year/species,NJ,2025,Dog,Lost in Care,189
SAC 2024–2025,state/year/species,NM,2024,Dog,Gross Intakes,63823
SAC 2024–2025,state/year/species,NM,2024,Dog,Community Intakes,58020
SAC 2024–2025,state/year/species,NM,2024,Dog,Gross Outcomes,61717
SAC 2024–2025,state/year/species,NM,2024,Dog,Stray at Large,34894
SAC 2024–2025,state/year/species,NM,2024,Dog,Relinquished by Owner,16143
SAC 2024–2025,state/year/species,NM,2024,Dog,Seized,3810
SAC 2024–2025,state/year/species,NM,2024,Dog,Other Intakes,3173
SAC 2024–2025,state/year/species,NM,2024,Dog,Transferred In,5803
SAC 2024–2025,state/year/species,NM,2024,Dog,Adoption,28838
SAC 2024–2025,state/year/species,NM,2024,Dog,Return to Owner,10829
SAC 2024–2025,state/year/species,NM,2024,Dog,Return to Field,50
SAC 2024–2025,state/year/species,NM,2024,Dog,Other Live Outcomes,865
SAC 2024–2025,state/year/species,NM,2024,Dog,Transferred Out,10246
SAC 2024–2025,state/year/species,NM,2024,Dog,Shelter Euthanasia,10148
SAC 2024–2025,state/year/species,NM,2024,Dog,Died in Care,640
SAC 2024–2025,state/year/species,NM,2024,Dog,Lost in Care,100
SAC 2024–2025,state/year/species,NM,2025,Dog,Gross Intakes,58433
SAC 2024–2025,state/year/species,NM,2025,Dog,Community Intakes,52697
SAC 2024–2025,state/year/species,NM,2025,Dog,Gross Outcomes,57060
SAC 2024–2025,state/year/species,NM,2025,Dog,Stray at Large,30164
SAC 2024–2025,state/year/species,NM,2025,Dog,Relinquished by Owner,15590
SAC 2024–2025,state/year/species,NM,2025,Dog,Seized,4216
SAC 2024–2025,state/year/species,NM,2025,Dog,Other Intakes,2727
SAC 2024–2025,state/year/species,NM,2025,Dog,Transferred In,5737
SAC 2024–2025,state/year/species,NM,2025,Dog,Adoption,27271
SAC 2024–2025,state/year/species,NM,2025,Dog,Return to Owner,10321
SAC 2024–2025,state/year/species,NM,2025,Dog,Return to Field,43
SAC 2024–2025,state/year/species,NM,2025,Dog,Other Live Outcomes,491
SAC 2024–2025,state/year/species,NM,2025,Dog,Transferred Out,9593
SAC 2024–2025,state/year/species,NM,2025,Dog,Shelter Euthanasia,8324
SAC 2024–2025,state/year/species,NM,2025,Dog,Died in Care,865
SAC 2024–2025,state/year/species,NM,2025,Dog,Lost in Care,151
SAC 2024–2025,state/year/species,NV,2024,Dog,Gross Intakes,49109
SAC 2024–2025,state/year/species,NV,2024,Dog,Community Intakes,42082
SAC 2024–2025,state/year/species,NV,2024,Dog,Gross Outcomes,47124
SAC 2024–2025,state/year/species,NV,2024,Dog,Stray at Large,24821
SAC 2024–2025,state/year/species,NV,2024,Dog,Relinquished by Owner,10224
SAC 2024–2025,state/year/species,NV,2024,Dog,Seized,4594
SAC 2024–2025,state/year/species,NV,2024,Dog,Other Intakes,2443
SAC 2024–2025,state/year/species,NV,2024,Dog,Transferred In,7027
SAC 2024–2025,state/year/species,NV,2024,Dog,Adoption,23161
SAC 2024–2025,state/year/species,NV,2024,Dog,Return to Owner,11231
SAC 2024–2025,state/year/species,NV,2024,Dog,Return to Field,22
SAC 2024–2025,state/year/species,NV,2024,Dog,Other Live Outcomes,483
SAC 2024–2025,state/year/species,NV,2024,Dog,Transferred Out,7398
SAC 2024–2025,state/year/species,NV,2024,Dog,Shelter Euthanasia,4376
SAC 2024–2025,state/year/species,NV,2024,Dog,Died in Care,357
SAC 2024–2025,state/year/species,NV,2024,Dog,Lost in Care,95
SAC 2024–2025,state/year/species,NV,2025,Dog,Gross Intakes,47727
SAC 2024–2025,state/year/species,NV,2025,Dog,Community Intakes,39640
SAC 2024–2025,state/year/species,NV,2025,Dog,Gross Outcomes,47112
SAC 2024–2025,state/year/species,NV,2025,Dog,Stray at Large,22841
SAC 2024–2025,state/year/species,NV,2025,Dog,Relinquished by Owner,10528
SAC 2024–2025,state/year/species,NV,2025,Dog,Seized,4334
SAC 2024–2025,state/year/species,NV,2025,Dog,Other Intakes,1938
SAC 2024–2025,state/year/species,NV,2025,Dog,Transferred In,8087
SAC 2024–2025,state/year/species,NV,2025,Dog,Adoption,24285
SAC 2024–2025,state/year/species,NV,2025,Dog,Return to Owner,10564
SAC 2024–2025,state/year/species,NV,2025,Dog,Return to Field,19
SAC 2024–2025,state/year/species,NV,2025,Dog,Other Live Outcomes,423
SAC 2024–2025,state/year/species,NV,2025,Dog,Transferred Out,7241
SAC 2024–2025,state/year/species,NV,2025,Dog,Shelter Euthanasia,3899
SAC 2024–2025,state/year/species,NV,2025,Dog,Died in Care,444
SAC 2024–2025,state/year/species,NV,2025,Dog,Lost in Care,237
SAC 2024–2025,state/year/species,NY,2024,Dog,Gross Intakes,91943
SAC 2024–2025,state/year/species,NY,2024,Dog,Community Intakes,64779
SAC 2024–2025,state/year/species,NY,2024,Dog,Gross Outcomes,90299
SAC 2024–2025,state/year/species,NY,2024,Dog,Stray at Large,32209
SAC 2024–2025,state/year/species,NY,2024,Dog,Relinquished by Owner,22509
SAC 2024–2025,state/year/species,NY,2024,Dog,Seized,2695
SAC 2024–2025,state/year/species,NY,2024,Dog,Other Intakes,7366
SAC 2024–2025,state/year/species,NY,2024,Dog,Transferred In,27163
SAC 2024–2025,state/year/species,NY,2024,Dog,Adoption,59052
SAC 2024–2025,state/year/species,NY,2024,Dog,Return to Owner,11067
SAC 2024–2025,state/year/species,NY,2024,Dog,Return to Field,51
SAC 2024–2025,state/year/species,NY,2024,Dog,Other Live Outcomes,1166
SAC 2024–2025,state/year/species,NY,2024,Dog,Transferred Out,11936
SAC 2024–2025,state/year/species,NY,2024,Dog,Shelter Euthanasia,6070
SAC 2024–2025,state/year/species,NY,2024,Dog,Died in Care,861
SAC 2024–2025,state/year/species,NY,2024,Dog,Lost in Care,95
SAC 2024–2025,state/year/species,NY,2025,Dog,Gross Intakes,89290
SAC 2024–2025,state/year/species,NY,2025,Dog,Community Intakes,61701
SAC 2024–2025,state/year/species,NY,2025,Dog,Gross Outcomes,86708
SAC 2024–2025,state/year/species,NY,2025,Dog,Stray at Large,28554
SAC 2024–2025,state/year/species,NY,2025,Dog,Relinquished by Owner,22901
SAC 2024–2025,state/year/species,NY,2025,Dog,Seized,2440
SAC 2024–2025,state/year/species,NY,2025,Dog,Other Intakes,7806
SAC 2024–2025,state/year/species,NY,2025,Dog,Transferred In,27589
SAC 2024–2025,state/year/species,NY,2025,Dog,Adoption,57473
SAC 2024–2025,state/year/species,NY,2025,Dog,Return to Owner,10073
SAC 2024–2025,state/year/species,NY,2025,Dog,Return to Field,44
SAC 2024–2025,state/year/species,NY,2025,Dog,Other Live Outcomes,1143
SAC 2024–2025,state/year/species,NY,2025,Dog,Transferred Out,11248
SAC 2024–2025,state/year/species,NY,2025,Dog,Shelter Euthanasia,5482
SAC 2024–2025,state/year/species,NY,2025,Dog,Died in Care,934
SAC 2024–2025,state/year/species,NY,2025,Dog,Lost in Care,310
SAC 2024–2025,state/year/species,OH,2024,Dog,Gross Intakes,104864
SAC 2024–2025,state/year/species,OH,2024,Dog,Community Intakes,77560
SAC 2024–2025,state/year/species,OH,2024,Dog,Gross Outcomes,104335
SAC 2024–2025,state/year/species,OH,2024,Dog,Stray at Large,41636
SAC 2024–2025,state/year/species,OH,2024,Dog,Relinquished by Owner,23096
SAC 2024–2025,state/year/species,OH,2024,Dog,Seized,4133
SAC 2024–2025,state/year/species,OH,2024,Dog,Other Intakes,8695
SAC 2024–2025,state/year/species,OH,2024,Dog,Transferred In,27304
SAC 2024–2025,state/year/species,OH,2024,Dog,Adoption,68360
SAC 2024–2025,state/year/species,OH,2024,Dog,Return to Owner,13690
SAC 2024–2025,state/year/species,OH,2024,Dog,Return to Field,45
SAC 2024–2025,state/year/species,OH,2024,Dog,Other Live Outcomes,2121
SAC 2024–2025,state/year/species,OH,2024,Dog,Transferred Out,11226
SAC 2024–2025,state/year/species,OH,2024,Dog,Shelter Euthanasia,7739
SAC 2024–2025,state/year/species,OH,2024,Dog,Died in Care,1029
SAC 2024–2025,state/year/species,OH,2024,Dog,Lost in Care,126
SAC 2024–2025,state/year/species,OH,2025,Dog,Gross Intakes,86370
SAC 2024–2025,state/year/species,OH,2025,Dog,Community Intakes,64751
SAC 2024–2025,state/year/species,OH,2025,Dog,Gross Outcomes,88147
SAC 2024–2025,state/year/species,OH,2025,Dog,Stray at Large,34751
SAC 2024–2025,state/year/species,OH,2025,Dog,Relinquished by Owner,21012
SAC 2024–2025,state/year/species,OH,2025,Dog,Seized,3344
SAC 2024–2025,state/year/species,OH,2025,Dog,Other Intakes,5645
SAC 2024–2025,state/year/species,OH,2025,Dog,Transferred In,21619
SAC 2024–2025,state/year/species,OH,2025,Dog,Adoption,58030
SAC 2024–2025,state/year/species,OH,2025,Dog,Return to Owner,11902
SAC 2024–2025,state/year/species,OH,2025,Dog,Return to Field,63
SAC 2024–2025,state/year/species,OH,2025,Dog,Other Live Outcomes,971
SAC 2024–2025,state/year/species,OH,2025,Dog,Transferred Out,9010
SAC 2024–2025,state/year/species,OH,2025,Dog,Shelter Euthanasia,7067
SAC 2024–2025,state/year/species,OH,2025,Dog,Died in Care,838
SAC 2024–2025,state/year/species,OH,2025,Dog,Lost in Care,265
SAC 2024–2025,state/year/species,OK,2024,Dog,Gross Intakes,81717
SAC 2024–2025,state/year/species,OK,2024,Dog,Community Intakes,71760
SAC 2024–2025,state/year/species,OK,2024,Dog,Gross Outcomes,80832
SAC 2024–2025,state/year/species,OK,2024,Dog,Stray at Large,46629
SAC 2024–2025,state/year/species,OK,2024,Dog,Relinquished by Owner,16507
SAC 2024–2025,state/year/species,OK,2024,Dog,Seized,4297
SAC 2024–2025,state/year/species,OK,2024,Dog,Other Intakes,4327
SAC 2024–2025,state/year/species,OK,2024,Dog,Transferred In,9957
SAC 2024–2025,state/year/species,OK,2024,Dog,Adoption,40549
SAC 2024–2025,state/year/species,OK,2024,Dog,Return to Owner,12657
SAC 2024–2025,state/year/species,OK,2024,Dog,Return to Field,152
SAC 2024–2025,state/year/species,OK,2024,Dog,Other Live Outcomes,1812
SAC 2024–2025,state/year/species,OK,2024,Dog,Transferred Out,13936
SAC 2024–2025,state/year/species,OK,2024,Dog,Shelter Euthanasia,10500
SAC 2024–2025,state/year/species,OK,2024,Dog,Died in Care,938
SAC 2024–2025,state/year/species,OK,2024,Dog,Lost in Care,288
SAC 2024–2025,state/year/species,OK,2025,Dog,Gross Intakes,77767
SAC 2024–2025,state/year/species,OK,2025,Dog,Community Intakes,67289
SAC 2024–2025,state/year/species,OK,2025,Dog,Gross Outcomes,79575
SAC 2024–2025,state/year/species,OK,2025,Dog,Stray at Large,42173
SAC 2024–2025,state/year/species,OK,2025,Dog,Relinquished by Owner,16203
SAC 2024–2025,state/year/species,OK,2025,Dog,Seized,3487
SAC 2024–2025,state/year/species,OK,2025,Dog,Other Intakes,5426
SAC 2024–2025,state/year/species,OK,2025,Dog,Transferred In,10478
SAC 2024–2025,state/year/species,OK,2025,Dog,Adoption,39917
SAC 2024–2025,state/year/species,OK,2025,Dog,Return to Owner,12447
SAC 2024–2025,state/year/species,OK,2025,Dog,Return to Field,350
SAC 2024–2025,state/year/species,OK,2025,Dog,Other Live Outcomes,1783
SAC 2024–2025,state/year/species,OK,2025,Dog,Transferred Out,14657
SAC 2024–2025,state/year/species,OK,2025,Dog,Shelter Euthanasia,9266
SAC 2024–2025,state/year/species,OK,2025,Dog,Died in Care,888
SAC 2024–2025,state/year/species,OK,2025,Dog,Lost in Care,267
SAC 2024–2025,state/year/species,OR,2024,Dog,Gross Intakes,41083
SAC 2024–2025,state/year/species,OR,2024,Dog,Community Intakes,30145
SAC 2024–2025,state/year/species,OR,2024,Dog,Gross Outcomes,40783
SAC 2024–2025,state/year/species,OR,2024,Dog,Stray at Large,17493
SAC 2024–2025,state/year/species,OR,2024,Dog,Relinquished by Owner,8979
SAC 2024–2025,state/year/species,OR,2024,Dog,Seized,1759
SAC 2024–2025,state/year/species,OR,2024,Dog,Other Intakes,1914
SAC 2024–2025,state/year/species,OR,2024,Dog,Transferred In,10938
SAC 2024–2025,state/year/species,OR,2024,Dog,Adoption,24878
SAC 2024–2025,state/year/species,OR,2024,Dog,Return to Owner,8624
SAC 2024–2025,state/year/species,OR,2024,Dog,Return to Field,24
SAC 2024–2025,state/year/species,OR,2024,Dog,Other Live Outcomes,377
SAC 2024–2025,state/year/species,OR,2024,Dog,Transferred Out,4039
SAC 2024–2025,state/year/species,OR,2024,Dog,Shelter Euthanasia,2529
SAC 2024–2025,state/year/species,OR,2024,Dog,Died in Care,268
SAC 2024–2025,state/year/species,OR,2024,Dog,Lost in Care,44
SAC 2024–2025,state/year/species,OR,2025,Dog,Gross Intakes,44374
SAC 2024–2025,state/year/species,OR,2025,Dog,Community Intakes,31370
SAC 2024–2025,state/year/species,OR,2025,Dog,Gross Outcomes,43762
SAC 2024–2025,state/year/species,OR,2025,Dog,Stray at Large,17232
SAC 2024–2025,state/year/species,OR,2025,Dog,Relinquished by Owner,10052
SAC 2024–2025,state/year/species,OR,2025,Dog,Seized,1801
SAC 2024–2025,state/year/species,OR,2025,Dog,Other Intakes,2285
SAC 2024–2025,state/year/species,OR,2025,Dog,Transferred In,13004
SAC 2024–2025,state/year/species,OR,2025,Dog,Adoption,27596
SAC 2024–2025,state/year/species,OR,2025,Dog,Return to Owner,8409
SAC 2024–2025,state/year/species,OR,2025,Dog,Return to Field,26
SAC 2024–2025,state/year/species,OR,2025,Dog,Other Live Outcomes,435
SAC 2024–2025,state/year/species,OR,2025,Dog,Transferred Out,4348
SAC 2024–2025,state/year/species,OR,2025,Dog,Shelter Euthanasia,2507
SAC 2024–2025,state/year/species,OR,2025,Dog,Died in Care,318
SAC 2024–2025,state/year/species,OR,2025,Dog,Lost in Care,123
SAC 2024–2025,state/year/species,PA,2024,Dog,Gross Intakes,80929
SAC 2024–2025,state/year/species,PA,2024,Dog,Community Intakes,57434
SAC 2024–2025,state/year/species,PA,2024,Dog,Gross Outcomes,79745
SAC 2024–2025,state/year/species,PA,2024,Dog,Stray at Large,28505
SAC 2024–2025,state/year/species,PA,2024,Dog,Relinquished by Owner,21400
SAC 2024–2025,state/year/species,PA,2024,Dog,Seized,2914
SAC 2024–2025,state/year/species,PA,2024,Dog,Other Intakes,4615
SAC 2024–2025,state/year/species,PA,2024,Dog,Transferred In,23495
SAC 2024–2025,state/year/species,PA,2024,Dog,Adoption,55099
SAC 2024–2025,state/year/species,PA,2024,Dog,Return to Owner,9475
SAC 2024–2025,state/year/species,PA,2024,Dog,Return to Field,23
SAC 2024–2025,state/year/species,PA,2024,Dog,Other Live Outcomes,811
SAC 2024–2025,state/year/species,PA,2024,Dog,Transferred Out,8297
SAC 2024–2025,state/year/species,PA,2024,Dog,Shelter Euthanasia,5265
SAC 2024–2025,state/year/species,PA,2024,Dog,Died in Care,724
SAC 2024–2025,state/year/species,PA,2024,Dog,Lost in Care,50
SAC 2024–2025,state/year/species,PA,2025,Dog,Gross Intakes,83952
SAC 2024–2025,state/year/species,PA,2025,Dog,Community Intakes,59872
SAC 2024–2025,state/year/species,PA,2025,Dog,Gross Outcomes,83819
SAC 2024–2025,state/year/species,PA,2025,Dog,Stray at Large,28730
SAC 2024–2025,state/year/species,PA,2025,Dog,Relinquished by Owner,23417
SAC 2024–2025,state/year/species,PA,2025,Dog,Seized,2558
SAC 2024–2025,state/year/species,PA,2025,Dog,Other Intakes,5166
SAC 2024–2025,state/year/species,PA,2025,Dog,Transferred In,24080
SAC 2024–2025,state/year/species,PA,2025,Dog,Adoption,57614
SAC 2024–2025,state/year/species,PA,2025,Dog,Return to Owner,9847
SAC 2024–2025,state/year/species,PA,2025,Dog,Return to Field,14
SAC 2024–2025,state/year/species,PA,2025,Dog,Other Live Outcomes,784
SAC 2024–2025,state/year/species,PA,2025,Dog,Transferred Out,8725
SAC 2024–2025,state/year/species,PA,2025,Dog,Shelter Euthanasia,5175
SAC 2024–2025,state/year/species,PA,2025,Dog,Died in Care,1406
SAC 2024–2025,state/year/species,PA,2025,Dog,Lost in Care,255
SAC 2024–2025,state/year/species,PR,2024,Dog,Gross Intakes,3696
SAC 2024–2025,state/year/species,PR,2024,Dog,Community Intakes,3046
SAC 2024–2025,state/year/species,PR,2024,Dog,Gross Outcomes,3770
SAC 2024–2025,state/year/species,PR,2024,Dog,Stray at Large,1747
SAC 2024–2025,state/year/species,PR,2024,Dog,Relinquished by Owner,838
SAC 2024–2025,state/year/species,PR,2024,Dog,Seized,316
SAC 2024–2025,state/year/species,PR,2024,Dog,Other Intakes,145
SAC 2024–2025,state/year/species,PR,2024,Dog,Transferred In,650
SAC 2024–2025,state/year/species,PR,2024,Dog,Adoption,2368
SAC 2024–2025,state/year/species,PR,2024,Dog,Return to Owner,151
SAC 2024–2025,state/year/species,PR,2024,Dog,Return to Field,2
SAC 2024–2025,state/year/species,PR,2024,Dog,Other Live Outcomes,114
SAC 2024–2025,state/year/species,PR,2024,Dog,Transferred Out,406
SAC 2024–2025,state/year/species,PR,2024,Dog,Shelter Euthanasia,577
SAC 2024–2025,state/year/species,PR,2024,Dog,Died in Care,148
SAC 2024–2025,state/year/species,PR,2024,Dog,Lost in Care,3
SAC 2024–2025,state/year/species,PR,2025,Dog,Gross Intakes,3617
SAC 2024–2025,state/year/species,PR,2025,Dog,Community Intakes,3070
SAC 2024–2025,state/year/species,PR,2025,Dog,Gross Outcomes,3451
SAC 2024–2025,state/year/species,PR,2025,Dog,Stray at Large,1831
SAC 2024–2025,state/year/species,PR,2025,Dog,Relinquished by Owner,861
SAC 2024–2025,state/year/species,PR,2025,Dog,Seized,86
SAC 2024–2025,state/year/species,PR,2025,Dog,Other Intakes,291
SAC 2024–2025,state/year/species,PR,2025,Dog,Transferred In,548
SAC 2024–2025,state/year/species,PR,2025,Dog,Adoption,2371
SAC 2024–2025,state/year/species,PR,2025,Dog,Return to Owner,116
SAC 2024–2025,state/year/species,PR,2025,Dog,Return to Field,2
SAC 2024–2025,state/year/species,PR,2025,Dog,Other Live Outcomes,86
SAC 2024–2025,state/year/species,PR,2025,Dog,Transferred Out,337
SAC 2024–2025,state/year/species,PR,2025,Dog,Shelter Euthanasia,361
SAC 2024–2025,state/year/species,PR,2025,Dog,Died in Care,162
SAC 2024–2025,state/year/species,PR,2025,Dog,Lost in Care,15
SAC 2024–2025,state/year/species,RI,2024,Dog,Gross Intakes,6933
SAC 2024–2025,state/year/species,RI,2024,Dog,Community Intakes,5426
SAC 2024–2025,state/year/species,RI,2024,Dog,Gross Outcomes,6914
SAC 2024–2025,state/year/species,RI,2024,Dog,Stray at Large,2972
SAC 2024–2025,state/year/species,RI,2024,Dog,Relinquished by Owner,1764
SAC 2024–2025,state/year/species,RI,2024,Dog,Seized,300
SAC 2024–2025,state/year/species,RI,2024,Dog,Other Intakes,389
SAC 2024–2025,state/year/species,RI,2024,Dog,Transferred In,1507
SAC 2024–2025,state/year/species,RI,2024,Dog,Adoption,3909
SAC 2024–2025,state/year/species,RI,2024,Dog,Return to Owner,1269
SAC 2024–2025,state/year/species,RI,2024,Dog,Return to Field,8
SAC 2024–2025,state/year/species,RI,2024,Dog,Other Live Outcomes,98
SAC 2024–2025,state/year/species,RI,2024,Dog,Transferred Out,984
SAC 2024–2025,state/year/species,RI,2024,Dog,Shelter Euthanasia,563
SAC 2024–2025,state/year/species,RI,2024,Dog,Died in Care,75
SAC 2024–2025,state/year/species,RI,2024,Dog,Lost in Care,9
SAC 2024–2025,state/year/species,RI,2025,Dog,Gross Intakes,6485
SAC 2024–2025,state/year/species,RI,2025,Dog,Community Intakes,4911
SAC 2024–2025,state/year/species,RI,2025,Dog,Gross Outcomes,6573
SAC 2024–2025,state/year/species,RI,2025,Dog,Stray at Large,2691
SAC 2024–2025,state/year/species,RI,2025,Dog,Relinquished by Owner,1611
SAC 2024–2025,state/year/species,RI,2025,Dog,Seized,265
SAC 2024–2025,state/year/species,RI,2025,Dog,Other Intakes,345
SAC 2024–2025,state/year/species,RI,2025,Dog,Transferred In,1573
SAC 2024–2025,state/year/species,RI,2025,Dog,Adoption,3843
SAC 2024–2025,state/year/species,RI,2025,Dog,Return to Owner,1110
SAC 2024–2025,state/year/species,RI,2025,Dog,Return to Field,10
SAC 2024–2025,state/year/species,RI,2025,Dog,Other Live Outcomes,97
SAC 2024–2025,state/year/species,RI,2025,Dog,Transferred Out,829
SAC 2024–2025,state/year/species,RI,2025,Dog,Shelter Euthanasia,562
SAC 2024–2025,state/year/species,RI,2025,Dog,Died in Care,105
SAC 2024–2025,state/year/species,RI,2025,Dog,Lost in Care,16
SAC 2024–2025,state/year/species,SC,2024,Dog,Gross Intakes,72236
SAC 2024–2025,state/year/species,SC,2024,Dog,Community Intakes,60131
SAC 2024–2025,state/year/species,SC,2024,Dog,Gross Outcomes,70160
SAC 2024–2025,state/year/species,SC,2024,Dog,Stray at Large,35404
SAC 2024–2025,state/year/species,SC,2024,Dog,Relinquished by Owner,17242
SAC 2024–2025,state/year/species,SC,2024,Dog,Seized,2190
SAC 2024–2025,state/year/species,SC,2024,Dog,Other Intakes,5296
SAC 2024–2025,state/year/species,SC,2024,Dog,Transferred In,12105
SAC 2024–2025,state/year/species,SC,2024,Dog,Adoption,37657
SAC 2024–2025,state/year/species,SC,2024,Dog,Return to Owner,8697
SAC 2024–2025,state/year/species,SC,2024,Dog,Return to Field,54
SAC 2024–2025,state/year/species,SC,2024,Dog,Other Live Outcomes,1020
SAC 2024–2025,state/year/species,SC,2024,Dog,Transferred Out,15054
SAC 2024–2025,state/year/species,SC,2024,Dog,Shelter Euthanasia,6789
SAC 2024–2025,state/year/species,SC,2024,Dog,Died in Care,757
SAC 2024–2025,state/year/species,SC,2024,Dog,Lost in Care,132
SAC 2024–2025,state/year/species,SC,2025,Dog,Gross Intakes,75683
SAC 2024–2025,state/year/species,SC,2025,Dog,Community Intakes,61621
SAC 2024–2025,state/year/species,SC,2025,Dog,Gross Outcomes,73430
SAC 2024–2025,state/year/species,SC,2025,Dog,Stray at Large,34871
SAC 2024–2025,state/year/species,SC,2025,Dog,Relinquished by Owner,18768
SAC 2024–2025,state/year/species,SC,2025,Dog,Seized,2385
SAC 2024–2025,state/year/species,SC,2025,Dog,Other Intakes,5597
SAC 2024–2025,state/year/species,SC,2025,Dog,Transferred In,14063
SAC 2024–2025,state/year/species,SC,2025,Dog,Adoption,40339
SAC 2024–2025,state/year/species,SC,2025,Dog,Return to Owner,8604
SAC 2024–2025,state/year/species,SC,2025,Dog,Return to Field,46
SAC 2024–2025,state/year/species,SC,2025,Dog,Other Live Outcomes,1031
SAC 2024–2025,state/year/species,SC,2025,Dog,Transferred Out,15054
SAC 2024–2025,state/year/species,SC,2025,Dog,Shelter Euthanasia,7354
SAC 2024–2025,state/year/species,SC,2025,Dog,Died in Care,782
SAC 2024–2025,state/year/species,SC,2025,Dog,Lost in Care,221
SAC 2024–2025,state/year/species,SD,2024,Dog,Gross Intakes,11589
SAC 2024–2025,state/year/species,SD,2024,Dog,Community Intakes,10336
SAC 2024–2025,state/year/species,SD,2024,Dog,Gross Outcomes,11363
SAC 2024–2025,state/year/species,SD,2024,Dog,Stray at Large,5900
SAC 2024–2025,state/year/species,SD,2024,Dog,Relinquished by Owner,3124
SAC 2024–2025,state/year/species,SD,2024,Dog,Seized,574
SAC 2024–2025,state/year/species,SD,2024,Dog,Other Intakes,738
SAC 2024–2025,state/year/species,SD,2024,Dog,Transferred In,1253
SAC 2024–2025,state/year/species,SD,2024,Dog,Adoption,6118
SAC 2024–2025,state/year/species,SD,2024,Dog,Return to Owner,2135
SAC 2024–2025,state/year/species,SD,2024,Dog,Return to Field,12
SAC 2024–2025,state/year/species,SD,2024,Dog,Other Live Outcomes,185
SAC 2024–2025,state/year/species,SD,2024,Dog,Transferred Out,1704
SAC 2024–2025,state/year/species,SD,2024,Dog,Shelter Euthanasia,1100
SAC 2024–2025,state/year/species,SD,2024,Dog,Died in Care,91
SAC 2024–2025,state/year/species,SD,2024,Dog,Lost in Care,19
SAC 2024–2025,state/year/species,SD,2025,Dog,Gross Intakes,10925
SAC 2024–2025,state/year/species,SD,2025,Dog,Community Intakes,9477
SAC 2024–2025,state/year/species,SD,2025,Dog,Gross Outcomes,10638
SAC 2024–2025,state/year/species,SD,2025,Dog,Stray at Large,5164
SAC 2024–2025,state/year/species,SD,2025,Dog,Relinquished by Owner,3020
SAC 2024–2025,state/year/species,SD,2025,Dog,Seized,751
SAC 2024–2025,state/year/species,SD,2025,Dog,Other Intakes,541
SAC 2024–2025,state/year/species,SD,2025,Dog,Transferred In,1448
SAC 2024–2025,state/year/species,SD,2025,Dog,Adoption,5847
SAC 2024–2025,state/year/species,SD,2025,Dog,Return to Owner,2162
SAC 2024–2025,state/year/species,SD,2025,Dog,Return to Field,11
SAC 2024–2025,state/year/species,SD,2025,Dog,Other Live Outcomes,132
SAC 2024–2025,state/year/species,SD,2025,Dog,Transferred Out,1418
SAC 2024–2025,state/year/species,SD,2025,Dog,Shelter Euthanasia,957
SAC 2024–2025,state/year/species,SD,2025,Dog,Died in Care,84
SAC 2024–2025,state/year/species,SD,2025,Dog,Lost in Care,28
SAC 2024–2025,state/year/species,TN,2024,Dog,Gross Intakes,114501
SAC 2024–2025,state/year/species,TN,2024,Dog,Community Intakes,87900
SAC 2024–2025,state/year/species,TN,2024,Dog,Gross Outcomes,105324
SAC 2024–2025,state/year/species,TN,2024,Dog,Stray at Large,47184
SAC 2024–2025,state/year/species,TN,2024,Dog,Relinquished by Owner,27864
SAC 2024–2025,state/year/species,TN,2024,Dog,Seized,3900
SAC 2024–2025,state/year/species,TN,2024,Dog,Other Intakes,8952
SAC 2024–2025,state/year/species,TN,2024,Dog,Transferred In,26601
SAC 2024–2025,state/year/species,TN,2024,Dog,Adoption,60057
SAC 2024–2025,state/year/species,TN,2024,Dog,Return to Owner,13829
SAC 2024–2025,state/year/species,TN,2024,Dog,Return to Field,125
SAC 2024–2025,state/year/species,TN,2024,Dog,Other Live Outcomes,2356
SAC 2024–2025,state/year/species,TN,2024,Dog,Transferred Out,18391
SAC 2024–2025,state/year/species,TN,2024,Dog,Shelter Euthanasia,9244
SAC 2024–2025,state/year/species,TN,2024,Dog,Died in Care,1190
SAC 2024–2025,state/year/species,TN,2024,Dog,Lost in Care,133
SAC 2024–2025,state/year/species,TN,2025,Dog,Gross Intakes,109983
SAC 2024–2025,state/year/species,TN,2025,Dog,Community Intakes,85047
SAC 2024–2025,state/year/species,TN,2025,Dog,Gross Outcomes,102283
SAC 2024–2025,state/year/species,TN,2025,Dog,Stray at Large,43772
SAC 2024–2025,state/year/species,TN,2025,Dog,Relinquished by Owner,27401
SAC 2024–2025,state/year/species,TN,2025,Dog,Seized,4377
SAC 2024–2025,state/year/species,TN,2025,Dog,Other Intakes,9498
SAC 2024–2025,state/year/species,TN,2025,Dog,Transferred In,24936
SAC 2024–2025,state/year/species,TN,2025,Dog,Adoption,58032
SAC 2024–2025,state/year/species,TN,2025,Dog,Return to Owner,13428
SAC 2024–2025,state/year/species,TN,2025,Dog,Return to Field,137
SAC 2024–2025,state/year/species,TN,2025,Dog,Other Live Outcomes,2464
SAC 2024–2025,state/year/species,TN,2025,Dog,Transferred Out,17455
SAC 2024–2025,state/year/species,TN,2025,Dog,Shelter Euthanasia,9262
SAC 2024–2025,state/year/species,TN,2025,Dog,Died in Care,1111
SAC 2024–2025,state/year/species,TN,2025,Dog,Lost in Care,394
SAC 2024–2025,state/year/species,TX,2024,Dog,Gross Intakes,461042
SAC 2024–2025,state/year/species,TX,2024,Dog,Community Intakes,386557
SAC 2024–2025,state/year/species,TX,2024,Dog,Gross Outcomes,454824
SAC 2024–2025,state/year/species,TX,2024,Dog,Stray at Large,248128
SAC 2024–2025,state/year/species,TX,2024,Dog,Relinquished by Owner,91389
SAC 2024–2025,state/year/species,TX,2024,Dog,Seized,19996
SAC 2024–2025,state/year/species,TX,2024,Dog,Other Intakes,27043
SAC 2024–2025,state/year/species,TX,2024,Dog,Transferred In,74485
SAC 2024–2025,state/year/species,TX,2024,Dog,Adoption,232990
SAC 2024–2025,state/year/species,TX,2024,Dog,Return to Owner,67655
SAC 2024–2025,state/year/species,TX,2024,Dog,Return to Field,1616
SAC 2024–2025,state/year/species,TX,2024,Dog,Other Live Outcomes,7762
SAC 2024–2025,state/year/species,TX,2024,Dog,Transferred Out,88239
SAC 2024–2025,state/year/species,TX,2024,Dog,Shelter Euthanasia,48421
SAC 2024–2025,state/year/species,TX,2024,Dog,Died in Care,6458
SAC 2024–2025,state/year/species,TX,2024,Dog,Lost in Care,1684
SAC 2024–2025,state/year/species,TX,2025,Dog,Gross Intakes,452678
SAC 2024–2025,state/year/species,TX,2025,Dog,Community Intakes,373375
SAC 2024–2025,state/year/species,TX,2025,Dog,Gross Outcomes,449295
SAC 2024–2025,state/year/species,TX,2025,Dog,Stray at Large,235213
SAC 2024–2025,state/year/species,TX,2025,Dog,Relinquished by Owner,89354
SAC 2024–2025,state/year/species,TX,2025,Dog,Seized,19393
SAC 2024–2025,state/year/species,TX,2025,Dog,Other Intakes,29416
SAC 2024–2025,state/year/species,TX,2025,Dog,Transferred In,79303
SAC 2024–2025,state/year/species,TX,2025,Dog,Adoption,229432
SAC 2024–2025,state/year/species,TX,2025,Dog,Return to Owner,68335
SAC 2024–2025,state/year/species,TX,2025,Dog,Return to Field,987
SAC 2024–2025,state/year/species,TX,2025,Dog,Other Live Outcomes,7258
SAC 2024–2025,state/year/species,TX,2025,Dog,Transferred Out,88796
SAC 2024–2025,state/year/species,TX,2025,Dog,Shelter Euthanasia,45657
SAC 2024–2025,state/year/species,TX,2025,Dog,Died in Care,5766
SAC 2024–2025,state/year/species,TX,2025,Dog,Lost in Care,1552
SAC 2024–2025,state/year/species,UT,2024,Dog,Gross Intakes,35874
SAC 2024–2025,state/year/species,UT,2024,Dog,Community Intakes,30038
SAC 2024–2025,state/year/species,UT,2024,Dog,Gross Outcomes,35284
SAC 2024–2025,state/year/species,UT,2024,Dog,Stray at Large,17347
SAC 2024–2025,state/year/species,UT,2024,Dog,Relinquished by Owner,7975
SAC 2024–2025,state/year/species,UT,2024,Dog,Seized,2070
SAC 2024–2025,state/year/species,UT,2024,Dog,Other Intakes,2645
SAC 2024–2025,state/year/species,UT,2024,Dog,Transferred In,5836
SAC 2024–2025,state/year/species,UT,2024,Dog,Adoption,18813
SAC 2024–2025,state/year/species,UT,2024,Dog,Return to Owner,8490
SAC 2024–2025,state/year/species,UT,2024,Dog,Return to Field,36
SAC 2024–2025,state/year/species,UT,2024,Dog,Other Live Outcomes,578
SAC 2024–2025,state/year/species,UT,2024,Dog,Transferred Out,4596
SAC 2024–2025,state/year/species,UT,2024,Dog,Shelter Euthanasia,2464
SAC 2024–2025,state/year/species,UT,2024,Dog,Died in Care,267
SAC 2024–2025,state/year/species,UT,2024,Dog,Lost in Care,39
SAC 2024–2025,state/year/species,UT,2025,Dog,Gross Intakes,37082
SAC 2024–2025,state/year/species,UT,2025,Dog,Community Intakes,31317
SAC 2024–2025,state/year/species,UT,2025,Dog,Gross Outcomes,36230
SAC 2024–2025,state/year/species,UT,2025,Dog,Stray at Large,16954
SAC 2024–2025,state/year/species,UT,2025,Dog,Relinquished by Owner,9170
SAC 2024–2025,state/year/species,UT,2025,Dog,Seized,2188
SAC 2024–2025,state/year/species,UT,2025,Dog,Other Intakes,3006
SAC 2024–2025,state/year/species,UT,2025,Dog,Transferred In,5765
SAC 2024–2025,state/year/species,UT,2025,Dog,Adoption,19568
SAC 2024–2025,state/year/species,UT,2025,Dog,Return to Owner,8421
SAC 2024–2025,state/year/species,UT,2025,Dog,Return to Field,41
SAC 2024–2025,state/year/species,UT,2025,Dog,Other Live Outcomes,512
SAC 2024–2025,state/year/species,UT,2025,Dog,Transferred Out,4708
SAC 2024–2025,state/year/species,UT,2025,Dog,Shelter Euthanasia,2551
SAC 2024–2025,state/year/species,UT,2025,Dog,Died in Care,336
SAC 2024–2025,state/year/species,UT,2025,Dog,Lost in Care,91
SAC 2024–2025,state/year/species,VA,2024,Dog,Gross Intakes,78277
SAC 2024–2025,state/year/species,VA,2024,Dog,Community Intakes,54920
SAC 2024–2025,state/year/species,VA,2024,Dog,Gross Outcomes,78894
SAC 2024–2025,state/year/species,VA,2024,Dog,Stray at Large,28401
SAC 2024–2025,state/year/species,VA,2024,Dog,Relinquished by Owner,18794
SAC 2024–2025,state/year/species,VA,2024,Dog,Seized,2120
SAC 2024–2025,state/year/species,VA,2024,Dog,Other Intakes,5605
SAC 2024–2025,state/year/species,VA,2024,Dog,Transferred In,23356
SAC 2024–2025,state/year/species,VA,2024,Dog,Adoption,49181
SAC 2024–2025,state/year/species,VA,2024,Dog,Return to Owner,11966
SAC 2024–2025,state/year/species,VA,2024,Dog,Return to Field,52
SAC 2024–2025,state/year/species,VA,2024,Dog,Other Live Outcomes,858
SAC 2024–2025,state/year/species,VA,2024,Dog,Transferred Out,10010
SAC 2024–2025,state/year/species,VA,2024,Dog,Shelter Euthanasia,6045
SAC 2024–2025,state/year/species,VA,2024,Dog,Died in Care,695
SAC 2024–2025,state/year/species,VA,2024,Dog,Lost in Care,87
SAC 2024–2025,state/year/species,VA,2025,Dog,Gross Intakes,78834
SAC 2024–2025,state/year/species,VA,2025,Dog,Community Intakes,53758
SAC 2024–2025,state/year/species,VA,2025,Dog,Gross Outcomes,80592
SAC 2024–2025,state/year/species,VA,2025,Dog,Stray at Large,27118
SAC 2024–2025,state/year/species,VA,2025,Dog,Relinquished by Owner,19085
SAC 2024–2025,state/year/species,VA,2025,Dog,Seized,2194
SAC 2024–2025,state/year/species,VA,2025,Dog,Other Intakes,5361
SAC 2024–2025,state/year/species,VA,2025,Dog,Transferred In,25076
SAC 2024–2025,state/year/species,VA,2025,Dog,Adoption,51118
SAC 2024–2025,state/year/species,VA,2025,Dog,Return to Owner,11570
SAC 2024–2025,state/year/species,VA,2025,Dog,Return to Field,60
SAC 2024–2025,state/year/species,VA,2025,Dog,Other Live Outcomes,966
SAC 2024–2025,state/year/species,VA,2025,Dog,Transferred Out,10231
SAC 2024–2025,state/year/species,VA,2025,Dog,Shelter Euthanasia,5638
SAC 2024–2025,state/year/species,VA,2025,Dog,Died in Care,714
SAC 2024–2025,state/year/species,VA,2025,Dog,Lost in Care,295
SAC 2024–2025,state/year/species,VI,2024,Dog,Gross Intakes,1118
SAC 2024–2025,state/year/species,VI,2024,Dog,Community Intakes,1088
SAC 2024–2025,state/year/species,VI,2024,Dog,Gross Outcomes,1283
SAC 2024–2025,state/year/species,VI,2024,Dog,Stray at Large,628
SAC 2024–2025,state/year/species,VI,2024,Dog,Relinquished by Owner,396
SAC 2024–2025,state/year/species,VI,2024,Dog,Seized,45
SAC 2024–2025,state/year/species,VI,2024,Dog,Other Intakes,20
SAC 2024–2025,state/year/species,VI,2024,Dog,Transferred In,29
SAC 2024–2025,state/year/species,VI,2024,Dog,Adoption,362
SAC 2024–2025,state/year/species,VI,2024,Dog,Return to Owner,66
SAC 2024–2025,state/year/species,VI,2024,Dog,Return to Field,9
SAC 2024–2025,state/year/species,VI,2024,Dog,Other Live Outcomes,13
SAC 2024–2025,state/year/species,VI,2024,Dog,Transferred Out,598
SAC 2024–2025,state/year/species,VI,2024,Dog,Shelter Euthanasia,212
SAC 2024–2025,state/year/species,VI,2024,Dog,Died in Care,20
SAC 2024–2025,state/year/species,VI,2024,Dog,Lost in Care,4
SAC 2024–2025,state/year/species,VI,2025,Dog,Gross Intakes,855
SAC 2024–2025,state/year/species,VI,2025,Dog,Community Intakes,820
SAC 2024–2025,state/year/species,VI,2025,Dog,Gross Outcomes,764
SAC 2024–2025,state/year/species,VI,2025,Dog,Stray at Large,439
SAC 2024–2025,state/year/species,VI,2025,Dog,Relinquished by Owner,306
SAC 2024–2025,state/year/species,VI,2025,Dog,Seized,49
SAC 2024–2025,state/year/species,VI,2025,Dog,Other Intakes,25
SAC 2024–2025,state/year/species,VI,2025,Dog,Transferred In,36
SAC 2024–2025,state/year/species,VI,2025,Dog,Adoption,330
SAC 2024–2025,state/year/species,VI,2025,Dog,Return to Owner,42
SAC 2024–2025,state/year/species,VI,2025,Dog,Return to Field,1
SAC 2024–2025,state/year/species,VI,2025,Dog,Other Live Outcomes,15
SAC 2024–2025,state/year/species,VI,2025,Dog,Transferred Out,248
SAC 2024–2025,state/year/species,VI,2025,Dog,Shelter Euthanasia,108
SAC 2024–2025,state/year/species,VI,2025,Dog,Died in Care,15
SAC 2024–2025,state/year/species,VI,2025,Dog,Lost in Care,5
SAC 2024–2025,state/year/species,VT,2024,Dog,Gross Intakes,4696
SAC 2024–2025,state/year/species,VT,2024,Dog,Community Intakes,2807
SAC 2024–2025,state/year/species,VT,2024,Dog,Gross Outcomes,4911
SAC 2024–2025,state/year/species,VT,2024,Dog,Stray at Large,877
SAC 2024–2025,state/year/species,VT,2024,Dog,Relinquished by Owner,1524
SAC 2024–2025,state/year/species,VT,2024,Dog,Seized,39
SAC 2024–2025,state/year/species,VT,2024,Dog,Other Intakes,368
SAC 2024–2025,state/year/species,VT,2024,Dog,Transferred In,1889
SAC 2024–2025,state/year/species,VT,2024,Dog,Adoption,3727
SAC 2024–2025,state/year/species,VT,2024,Dog,Return to Owner,333
SAC 2024–2025,state/year/species,VT,2024,Dog,Return to Field,1
SAC 2024–2025,state/year/species,VT,2024,Dog,Other Live Outcomes,68
SAC 2024–2025,state/year/species,VT,2024,Dog,Transferred Out,483
SAC 2024–2025,state/year/species,VT,2024,Dog,Shelter Euthanasia,250
SAC 2024–2025,state/year/species,VT,2024,Dog,Died in Care,44
SAC 2024–2025,state/year/species,VT,2024,Dog,Lost in Care,3
SAC 2024–2025,state/year/species,VT,2025,Dog,Gross Intakes,4994
SAC 2024–2025,state/year/species,VT,2025,Dog,Community Intakes,2942
SAC 2024–2025,state/year/species,VT,2025,Dog,Gross Outcomes,5111
SAC 2024–2025,state/year/species,VT,2025,Dog,Stray at Large,852
SAC 2024–2025,state/year/species,VT,2025,Dog,Relinquished by Owner,1589
SAC 2024–2025,state/year/species,VT,2025,Dog,Seized,45
SAC 2024–2025,state/year/species,VT,2025,Dog,Other Intakes,456
SAC 2024–2025,state/year/species,VT,2025,Dog,Transferred In,2053
SAC 2024–2025,state/year/species,VT,2025,Dog,Adoption,3918
SAC 2024–2025,state/year/species,VT,2025,Dog,Return to Owner,311
SAC 2024–2025,state/year/species,VT,2025,Dog,Return to Field,1
SAC 2024–2025,state/year/species,VT,2025,Dog,Other Live Outcomes,104
SAC 2024–2025,state/year/species,VT,2025,Dog,Transferred Out,500
SAC 2024–2025,state/year/species,VT,2025,Dog,Shelter Euthanasia,195
SAC 2024–2025,state/year/species,VT,2025,Dog,Died in Care,52
SAC 2024–2025,state/year/species,VT,2025,Dog,Lost in Care,30
SAC 2024–2025,state/year/species,WA,2024,Dog,Gross Intakes,55249
SAC 2024–2025,state/year/species,WA,2024,Dog,Community Intakes,43073
SAC 2024–2025,state/year/species,WA,2024,Dog,Gross Outcomes,54683
SAC 2024–2025,state/year/species,WA,2024,Dog,Stray at Large,25619
SAC 2024–2025,state/year/species,WA,2024,Dog,Relinquished by Owner,12524
SAC 2024–2025,state/year/species,WA,2024,Dog,Seized,2074
SAC 2024–2025,state/year/species,WA,2024,Dog,Other Intakes,2856
SAC 2024–2025,state/year/species,WA,2024,Dog,Transferred In,12176
SAC 2024–2025,state/year/species,WA,2024,Dog,Adoption,34074
SAC 2024–2025,state/year/species,WA,2024,Dog,Return to Owner,10354
SAC 2024–2025,state/year/species,WA,2024,Dog,Return to Field,66
SAC 2024–2025,state/year/species,WA,2024,Dog,Other Live Outcomes,451
SAC 2024–2025,state/year/species,WA,2024,Dog,Transferred Out,5303
SAC 2024–2025,state/year/species,WA,2024,Dog,Shelter Euthanasia,3870
SAC 2024–2025,state/year/species,WA,2024,Dog,Died in Care,446
SAC 2024–2025,state/year/species,WA,2024,Dog,Lost in Care,119
SAC 2024–2025,state/year/species,WA,2025,Dog,Gross Intakes,55820
SAC 2024–2025,state/year/species,WA,2025,Dog,Community Intakes,42472
SAC 2024–2025,state/year/species,WA,2025,Dog,Gross Outcomes,55485
SAC 2024–2025,state/year/species,WA,2025,Dog,Stray at Large,23734
SAC 2024–2025,state/year/species,WA,2025,Dog,Relinquished by Owner,14270
SAC 2024–2025,state/year/species,WA,2025,Dog,Seized,1800
SAC 2024–2025,state/year/species,WA,2025,Dog,Other Intakes,2669
SAC 2024–2025,state/year/species,WA,2025,Dog,Transferred In,13347
SAC 2024–2025,state/year/species,WA,2025,Dog,Adoption,35769
SAC 2024–2025,state/year/species,WA,2025,Dog,Return to Owner,9096
SAC 2024–2025,state/year/species,WA,2025,Dog,Return to Field,30
SAC 2024–2025,state/year/species,WA,2025,Dog,Other Live Outcomes,482
SAC 2024–2025,state/year/species,WA,2025,Dog,Transferred Out,5653
SAC 2024–2025,state/year/species,WA,2025,Dog,Shelter Euthanasia,3857
SAC 2024–2025,state/year/species,WA,2025,Dog,Died in Care,437
SAC 2024–2025,state/year/species,WA,2025,Dog,Lost in Care,162
SAC 2024–2025,state/year/species,WI,2024,Dog,Gross Intakes,42832
SAC 2024–2025,state/year/species,WI,2024,Dog,Community Intakes,31824
SAC 2024–2025,state/year/species,WI,2024,Dog,Gross Outcomes,40684
SAC 2024–2025,state/year/species,WI,2024,Dog,Stray at Large,17131
SAC 2024–2025,state/year/species,WI,2024,Dog,Relinquished by Owner,11255
SAC 2024–2025,state/year/species,WI,2024,Dog,Seized,1285
SAC 2024–2025,state/year/species,WI,2024,Dog,Other Intakes,2152
SAC 2024–2025,state/year/species,WI,2024,Dog,Transferred In,11009
SAC 2024–2025,state/year/species,WI,2024,Dog,Adoption,24219
SAC 2024–2025,state/year/species,WI,2024,Dog,Return to Owner,8759
SAC 2024–2025,state/year/species,WI,2024,Dog,Return to Field,10
SAC 2024–2025,state/year/species,WI,2024,Dog,Other Live Outcomes,728
SAC 2024–2025,state/year/species,WI,2024,Dog,Transferred Out,3447
SAC 2024–2025,state/year/species,WI,2024,Dog,Shelter Euthanasia,3285
SAC 2024–2025,state/year/species,WI,2024,Dog,Died in Care,220
SAC 2024–2025,state/year/species,WI,2024,Dog,Lost in Care,15
SAC 2024–2025,state/year/species,WI,2025,Dog,Gross Intakes,43671
SAC 2024–2025,state/year/species,WI,2025,Dog,Community Intakes,33059
SAC 2024–2025,state/year/species,WI,2025,Dog,Gross Outcomes,41885
SAC 2024–2025,state/year/species,WI,2025,Dog,Stray at Large,16442
SAC 2024–2025,state/year/species,WI,2025,Dog,Relinquished by Owner,13167
SAC 2024–2025,state/year/species,WI,2025,Dog,Seized,1231
SAC 2024–2025,state/year/species,WI,2025,Dog,Other Intakes,2219
SAC 2024–2025,state/year/species,WI,2025,Dog,Transferred In,10612
SAC 2024–2025,state/year/species,WI,2025,Dog,Adoption,25229
SAC 2024–2025,state/year/species,WI,2025,Dog,Return to Owner,8826
SAC 2024–2025,state/year/species,WI,2025,Dog,Return to Field,7
SAC 2024–2025,state/year/species,WI,2025,Dog,Other Live Outcomes,719
SAC 2024–2025,state/year/species,WI,2025,Dog,Transferred Out,3666
SAC 2024–2025,state/year/species,WI,2025,Dog,Shelter Euthanasia,3146
SAC 2024–2025,state/year/species,WI,2025,Dog,Died in Care,224
SAC 2024–2025,state/year/species,WI,2025,Dog,Lost in Care,69
SAC 2024–2025,state/year/species,WV,2024,Dog,Gross Intakes,23275
SAC 2024–2025,state/year/species,WV,2024,Dog,Community Intakes,18307
SAC 2024–2025,state/year/species,WV,2024,Dog,Gross Outcomes,22972
SAC 2024–2025,state/year/species,WV,2024,Dog,Stray at Large,10942
SAC 2024–2025,state/year/species,WV,2024,Dog,Relinquished by Owner,5425
SAC 2024–2025,state/year/species,WV,2024,Dog,Seized,840
SAC 2024–2025,state/year/species,WV,2024,Dog,Other Intakes,1101
SAC 2024–2025,state/year/species,WV,2024,Dog,Transferred In,4968
SAC 2024–2025,state/year/species,WV,2024,Dog,Adoption,12212
SAC 2024–2025,state/year/species,WV,2024,Dog,Return to Owner,3012
SAC 2024–2025,state/year/species,WV,2024,Dog,Return to Field,20
SAC 2024–2025,state/year/species,WV,2024,Dog,Other Live Outcomes,241
SAC 2024–2025,state/year/species,WV,2024,Dog,Transferred Out,5642
SAC 2024–2025,state/year/species,WV,2024,Dog,Shelter Euthanasia,1572
SAC 2024–2025,state/year/species,WV,2024,Dog,Died in Care,245
SAC 2024–2025,state/year/species,WV,2024,Dog,Lost in Care,28
SAC 2024–2025,state/year/species,WV,2025,Dog,Gross Intakes,23013
SAC 2024–2025,state/year/species,WV,2025,Dog,Community Intakes,17623
SAC 2024–2025,state/year/species,WV,2025,Dog,Gross Outcomes,23030
SAC 2024–2025,state/year/species,WV,2025,Dog,Stray at Large,9981
SAC 2024–2025,state/year/species,WV,2025,Dog,Relinquished by Owner,5642
SAC 2024–2025,state/year/species,WV,2025,Dog,Seized,875
SAC 2024–2025,state/year/species,WV,2025,Dog,Other Intakes,1126
SAC 2024–2025,state/year/species,WV,2025,Dog,Transferred In,5390
SAC 2024–2025,state/year/species,WV,2025,Dog,Adoption,11922
SAC 2024–2025,state/year/species,WV,2025,Dog,Return to Owner,2972
SAC 2024–2025,state/year/species,WV,2025,Dog,Return to Field,22
SAC 2024–2025,state/year/species,WV,2025,Dog,Other Live Outcomes,305
SAC 2024–2025,state/year/species,WV,2025,Dog,Transferred Out,5965
SAC 2024–2025,state/year/species,WV,2025,Dog,Shelter Euthanasia,1530
SAC 2024–2025,state/year/species,WV,2025,Dog,Died in Care,265
SAC 2024–2025,state/year/species,WV,2025,Dog,Lost in Care,48
SAC 2024–2025,state/year/species,WY,2024,Dog,Gross Intakes,14580
SAC 2024–2025,state/year/species,WY,2024,Dog,Community Intakes,12844
SAC 2024–2025,state/year/species,WY,2024,Dog,Gross Outcomes,14491
SAC 2024–2025,state/year/species,WY,2024,Dog,Stray at Large,7926
SAC 2024–2025,state/year/species,WY,2024,Dog,Relinquished by Owner,3435
SAC 2024–2025,state/year/species,WY,2024,Dog,Seized,673
SAC 2024–2025,state/year/species,WY,2024,Dog,Other Intakes,810
SAC 2024–2025,state/year/species,WY,2024,Dog,Transferred In,1736
SAC 2024–2025,state/year/species,WY,2024,Dog,Adoption,7353
SAC 2024–2025,state/year/species,WY,2024,Dog,Return to Owner,3605
SAC 2024–2025,state/year/species,WY,2024,Dog,Return to Field,20
SAC 2024–2025,state/year/species,WY,2024,Dog,Other Live Outcomes,183
SAC 2024–2025,state/year/species,WY,2024,Dog,Transferred Out,1871
SAC 2024–2025,state/year/species,WY,2024,Dog,Shelter Euthanasia,1323
SAC 2024–2025,state/year/species,WY,2024,Dog,Died in Care,113
SAC 2024–2025,state/year/species,WY,2024,Dog,Lost in Care,22
SAC 2024–2025,state/year/species,WY,2025,Dog,Gross Intakes,14228
SAC 2024–2025,state/year/species,WY,2025,Dog,Community Intakes,12488
SAC 2024–2025,state/year/species,WY,2025,Dog,Gross Outcomes,14213
SAC 2024–2025,state/year/species,WY,2025,Dog,Stray at Large,7464
SAC 2024–2025,state/year/species,WY,2025,Dog,Relinquished by Owner,3583
SAC 2024–2025,state/year/species,WY,2025,Dog,Seized,698
SAC 2024–2025,state/year/species,WY,2025,Dog,Other Intakes,744
SAC 2024–2025,state/year/species,WY,2025,Dog,Transferred In,1740
SAC 2024–2025,state/year/species,WY,2025,Dog,Adoption,7356
SAC 2024–2025,state/year/species,WY,2025,Dog,Return to Owner,3519
SAC 2024–2025,state/year/species,WY,2025,Dog,Return to Field,20
SAC 2024–2025,state/year/species,WY,2025,Dog,Other Live Outcomes,183
SAC 2024–2025,state/year/species,WY,2025,Dog,Transferred Out,1782
SAC 2024–2025,state/year/species,WY,2025,Dog,Shelter Euthanasia,1227
SAC 2024–2025,state/year/species,WY,2025,Dog,Died in Care,106
SAC 2024–2025,state/year/species,WY,2025,Dog,Lost in Care,20
SAC 2024–2025,state/year/species,AK,2024,Cat,Gross Intakes,9644
SAC 2024–2025,state/year/species,AK,2024,Cat,Community Intakes,9037
SAC 2024–2025,state/year/species,AK,2024,Cat,Gross Outcomes,9096
SAC 2024–2025,state/year/species,AK,2024,Cat,Stray at Large,5805
SAC 2024–2025,state/year/species,AK,2024,Cat,Relinquished by Owner,2513
SAC 2024–2025,state/year/species,AK,2024,Cat,Seized,145
SAC 2024–2025,state/year/species,AK,2024,Cat,Other Intakes,574
SAC 2024–2025,state/year/species,AK,2024,Cat,Transferred In,607
SAC 2024–2025,state/year/species,AK,2024,Cat,Adoption,5642
SAC 2024–2025,state/year/species,AK,2024,Cat,Return to Owner,528
SAC 2024–2025,state/year/species,AK,2024,Cat,Return to Field,490
SAC 2024–2025,state/year/species,AK,2024,Cat,Other Live Outcomes,124
SAC 2024–2025,state/year/species,AK,2024,Cat,Transferred Out,917
SAC 2024–2025,state/year/species,AK,2024,Cat,Shelter Euthanasia,1165
SAC 2024–2025,state/year/species,AK,2024,Cat,Died in Care,209
SAC 2024–2025,state/year/species,AK,2024,Cat,Lost in Care,23
SAC 2024–2025,state/year/species,AK,2025,Cat,Gross Intakes,8974
SAC 2024–2025,state/year/species,AK,2025,Cat,Community Intakes,8496
SAC 2024–2025,state/year/species,AK,2025,Cat,Gross Outcomes,8283
SAC 2024–2025,state/year/species,AK,2025,Cat,Stray at Large,5594
SAC 2024–2025,state/year/species,AK,2025,Cat,Relinquished by Owner,2128
SAC 2024–2025,state/year/species,AK,2025,Cat,Seized,158
SAC 2024–2025,state/year/species,AK,2025,Cat,Other Intakes,617
SAC 2024–2025,state/year/species,AK,2025,Cat,Transferred In,478
SAC 2024–2025,state/year/species,AK,2025,Cat,Adoption,5016
SAC 2024–2025,state/year/species,AK,2025,Cat,Return to Owner,312
SAC 2024–2025,state/year/species,AK,2025,Cat,Return to Field,516
SAC 2024–2025,state/year/species,AK,2025,Cat,Other Live Outcomes,390
SAC 2024–2025,state/year/species,AK,2025,Cat,Transferred Out,761
SAC 2024–2025,state/year/species,AK,2025,Cat,Shelter Euthanasia,1033
SAC 2024–2025,state/year/species,AK,2025,Cat,Died in Care,231
SAC 2024–2025,state/year/species,AK,2025,Cat,Lost in Care,24
SAC 2024–2025,state/year/species,AL,2024,Cat,Gross Intakes,51309
SAC 2024–2025,state/year/species,AL,2024,Cat,Community Intakes,46638
SAC 2024–2025,state/year/species,AL,2024,Cat,Gross Outcomes,49095
SAC 2024–2025,state/year/species,AL,2024,Cat,Stray at Large,28683
SAC 2024–2025,state/year/species,AL,2024,Cat,Relinquished by Owner,12709
SAC 2024–2025,state/year/species,AL,2024,Cat,Seized,812
SAC 2024–2025,state/year/species,AL,2024,Cat,Other Intakes,4434
SAC 2024–2025,state/year/species,AL,2024,Cat,Transferred In,4671
SAC 2024–2025,state/year/species,AL,2024,Cat,Adoption,28942
SAC 2024–2025,state/year/species,AL,2024,Cat,Return to Owner,1280
SAC 2024–2025,state/year/species,AL,2024,Cat,Return to Field,4114
SAC 2024–2025,state/year/species,AL,2024,Cat,Other Live Outcomes,1312
SAC 2024–2025,state/year/species,AL,2024,Cat,Transferred Out,5630
SAC 2024–2025,state/year/species,AL,2024,Cat,Shelter Euthanasia,6147
SAC 2024–2025,state/year/species,AL,2024,Cat,Died in Care,1517
SAC 2024–2025,state/year/species,AL,2024,Cat,Lost in Care,153
SAC 2024–2025,state/year/species,AL,2025,Cat,Gross Intakes,56223
SAC 2024–2025,state/year/species,AL,2025,Cat,Community Intakes,50186
SAC 2024–2025,state/year/species,AL,2025,Cat,Gross Outcomes,54641
SAC 2024–2025,state/year/species,AL,2025,Cat,Stray at Large,31599
SAC 2024–2025,state/year/species,AL,2025,Cat,Relinquished by Owner,14244
SAC 2024–2025,state/year/species,AL,2025,Cat,Seized,859
SAC 2024–2025,state/year/species,AL,2025,Cat,Other Intakes,3484
SAC 2024–2025,state/year/species,AL,2025,Cat,Transferred In,6036
SAC 2024–2025,state/year/species,AL,2025,Cat,Adoption,32791
SAC 2024–2025,state/year/species,AL,2025,Cat,Return to Owner,1479
SAC 2024–2025,state/year/species,AL,2025,Cat,Return to Field,4237
SAC 2024–2025,state/year/species,AL,2025,Cat,Other Live Outcomes,1120
SAC 2024–2025,state/year/species,AL,2025,Cat,Transferred Out,6375
SAC 2024–2025,state/year/species,AL,2025,Cat,Shelter Euthanasia,6850
SAC 2024–2025,state/year/species,AL,2025,Cat,Died in Care,1545
SAC 2024–2025,state/year/species,AL,2025,Cat,Lost in Care,243
SAC 2024–2025,state/year/species,AR,2024,Cat,Gross Intakes,41690
SAC 2024–2025,state/year/species,AR,2024,Cat,Community Intakes,34142
SAC 2024–2025,state/year/species,AR,2024,Cat,Gross Outcomes,39404
SAC 2024–2025,state/year/species,AR,2024,Cat,Stray at Large,21494
SAC 2024–2025,state/year/species,AR,2024,Cat,Relinquished by Owner,9134
SAC 2024–2025,state/year/species,AR,2024,Cat,Seized,634
SAC 2024–2025,state/year/species,AR,2024,Cat,Other Intakes,2881
SAC 2024–2025,state/year/species,AR,2024,Cat,Transferred In,7548
SAC 2024–2025,state/year/species,AR,2024,Cat,Adoption,23645
SAC 2024–2025,state/year/species,AR,2024,Cat,Return to Owner,1081
SAC 2024–2025,state/year/species,AR,2024,Cat,Return to Field,3022
SAC 2024–2025,state/year/species,AR,2024,Cat,Other Live Outcomes,663
SAC 2024–2025,state/year/species,AR,2024,Cat,Transferred Out,6783
SAC 2024–2025,state/year/species,AR,2024,Cat,Shelter Euthanasia,3013
SAC 2024–2025,state/year/species,AR,2024,Cat,Died in Care,1093
SAC 2024–2025,state/year/species,AR,2024,Cat,Lost in Care,104
SAC 2024–2025,state/year/species,AR,2025,Cat,Gross Intakes,36649
SAC 2024–2025,state/year/species,AR,2025,Cat,Community Intakes,31315
SAC 2024–2025,state/year/species,AR,2025,Cat,Gross Outcomes,35060
SAC 2024–2025,state/year/species,AR,2025,Cat,Stray at Large,19585
SAC 2024–2025,state/year/species,AR,2025,Cat,Relinquished by Owner,8649
SAC 2024–2025,state/year/species,AR,2025,Cat,Seized,593
SAC 2024–2025,state/year/species,AR,2025,Cat,Other Intakes,2487
SAC 2024–2025,state/year/species,AR,2025,Cat,Transferred In,5335
SAC 2024–2025,state/year/species,AR,2025,Cat,Adoption,20960
SAC 2024–2025,state/year/species,AR,2025,Cat,Return to Owner,989
SAC 2024–2025,state/year/species,AR,2025,Cat,Return to Field,2619
SAC 2024–2025,state/year/species,AR,2025,Cat,Other Live Outcomes,777
SAC 2024–2025,state/year/species,AR,2025,Cat,Transferred Out,5569
SAC 2024–2025,state/year/species,AR,2025,Cat,Shelter Euthanasia,2891
SAC 2024–2025,state/year/species,AR,2025,Cat,Died in Care,1100
SAC 2024–2025,state/year/species,AR,2025,Cat,Lost in Care,156
SAC 2024–2025,state/year/species,AZ,2024,Cat,Gross Intakes,74238
SAC 2024–2025,state/year/species,AZ,2024,Cat,Community Intakes,64509
SAC 2024–2025,state/year/species,AZ,2024,Cat,Gross Outcomes,72808
SAC 2024–2025,state/year/species,AZ,2024,Cat,Stray at Large,35861
SAC 2024–2025,state/year/species,AZ,2024,Cat,Relinquished by Owner,20115
SAC 2024–2025,state/year/species,AZ,2024,Cat,Seized,1427
SAC 2024–2025,state/year/species,AZ,2024,Cat,Other Intakes,7106
SAC 2024–2025,state/year/species,AZ,2024,Cat,Transferred In,9730
SAC 2024–2025,state/year/species,AZ,2024,Cat,Adoption,48521
SAC 2024–2025,state/year/species,AZ,2024,Cat,Return to Owner,1858
SAC 2024–2025,state/year/species,AZ,2024,Cat,Return to Field,5695
SAC 2024–2025,state/year/species,AZ,2024,Cat,Other Live Outcomes,1485
SAC 2024–2025,state/year/species,AZ,2024,Cat,Transferred Out,5672
SAC 2024–2025,state/year/species,AZ,2024,Cat,Shelter Euthanasia,7253
SAC 2024–2025,state/year/species,AZ,2024,Cat,Died in Care,2228
SAC 2024–2025,state/year/species,AZ,2024,Cat,Lost in Care,95
SAC 2024–2025,state/year/species,AZ,2025,Cat,Gross Intakes,79080
SAC 2024–2025,state/year/species,AZ,2025,Cat,Community Intakes,68210
SAC 2024–2025,state/year/species,AZ,2025,Cat,Gross Outcomes,77545
SAC 2024–2025,state/year/species,AZ,2025,Cat,Stray at Large,36899
SAC 2024–2025,state/year/species,AZ,2025,Cat,Relinquished by Owner,21814
SAC 2024–2025,state/year/species,AZ,2025,Cat,Seized,1579
SAC 2024–2025,state/year/species,AZ,2025,Cat,Other Intakes,7919
SAC 2024–2025,state/year/species,AZ,2025,Cat,Transferred In,10870
SAC 2024–2025,state/year/species,AZ,2025,Cat,Adoption,51994
SAC 2024–2025,state/year/species,AZ,2025,Cat,Return to Owner,1855
SAC 2024–2025,state/year/species,AZ,2025,Cat,Return to Field,6350
SAC 2024–2025,state/year/species,AZ,2025,Cat,Other Live Outcomes,1117
SAC 2024–2025,state/year/species,AZ,2025,Cat,Transferred Out,6064
SAC 2024–2025,state/year/species,AZ,2025,Cat,Shelter Euthanasia,7632
SAC 2024–2025,state/year/species,AZ,2025,Cat,Died in Care,2154
SAC 2024–2025,state/year/species,AZ,2025,Cat,Lost in Care,379
SAC 2024–2025,state/year/species,CA,2024,Cat,Gross Intakes,393573
SAC 2024–2025,state/year/species,CA,2024,Cat,Community Intakes,339086
SAC 2024–2025,state/year/species,CA,2024,Cat,Gross Outcomes,388703
SAC 2024–2025,state/year/species,CA,2024,Cat,Stray at Large,233366
SAC 2024–2025,state/year/species,CA,2024,Cat,Relinquished by Owner,76382
SAC 2024–2025,state/year/species,CA,2024,Cat,Seized,4545
SAC 2024–2025,state/year/species,CA,2024,Cat,Other Intakes,24793
SAC 2024–2025,state/year/species,CA,2024,Cat,Transferred In,54487
SAC 2024–2025,state/year/species,CA,2024,Cat,Adoption,246302
SAC 2024–2025,state/year/species,CA,2024,Cat,Return to Owner,11246
SAC 2024–2025,state/year/species,CA,2024,Cat,Return to Field,25294
SAC 2024–2025,state/year/species,CA,2024,Cat,Other Live Outcomes,8048
SAC 2024–2025,state/year/species,CA,2024,Cat,Transferred Out,41420
SAC 2024–2025,state/year/species,CA,2024,Cat,Shelter Euthanasia,43176
SAC 2024–2025,state/year/species,CA,2024,Cat,Died in Care,11667
SAC 2024–2025,state/year/species,CA,2024,Cat,Lost in Care,1550
SAC 2024–2025,state/year/species,CA,2025,Cat,Gross Intakes,407778
SAC 2024–2025,state/year/species,CA,2025,Cat,Community Intakes,351301
SAC 2024–2025,state/year/species,CA,2025,Cat,Gross Outcomes,399629
SAC 2024–2025,state/year/species,CA,2025,Cat,Stray at Large,237305
SAC 2024–2025,state/year/species,CA,2025,Cat,Relinquished by Owner,83415
SAC 2024–2025,state/year/species,CA,2025,Cat,Seized,4825
SAC 2024–2025,state/year/species,CA,2025,Cat,Other Intakes,25757
SAC 2024–2025,state/year/species,CA,2025,Cat,Transferred In,56476
SAC 2024–2025,state/year/species,CA,2025,Cat,Adoption,251524
SAC 2024–2025,state/year/species,CA,2025,Cat,Return to Owner,13057
SAC 2024–2025,state/year/species,CA,2025,Cat,Return to Field,25057
SAC 2024–2025,state/year/species,CA,2025,Cat,Other Live Outcomes,6495
SAC 2024–2025,state/year/species,CA,2025,Cat,Transferred Out,44149
SAC 2024–2025,state/year/species,CA,2025,Cat,Shelter Euthanasia,44871
SAC 2024–2025,state/year/species,CA,2025,Cat,Died in Care,12045
SAC 2024–2025,state/year/species,CA,2025,Cat,Lost in Care,2430
SAC 2024–2025,state/year/species,CO,2024,Cat,Gross Intakes,77766
SAC 2024–2025,state/year/species,CO,2024,Cat,Community Intakes,64807
SAC 2024–2025,state/year/species,CO,2024,Cat,Gross Outcomes,74300
SAC 2024–2025,state/year/species,CO,2024,Cat,Stray at Large,34755
SAC 2024–2025,state/year/species,CO,2024,Cat,Relinquished by Owner,21276
SAC 2024–2025,state/year/species,CO,2024,Cat,Seized,1006
SAC 2024–2025,state/year/species,CO,2024,Cat,Other Intakes,7770
SAC 2024–2025,state/year/species,CO,2024,Cat,Transferred In,12959
SAC 2024–2025,state/year/species,CO,2024,Cat,Adoption,49824
SAC 2024–2025,state/year/species,CO,2024,Cat,Return to Owner,3725
SAC 2024–2025,state/year/species,CO,2024,Cat,Return to Field,5860
SAC 2024–2025,state/year/species,CO,2024,Cat,Other Live Outcomes,1752
SAC 2024–2025,state/year/species,CO,2024,Cat,Transferred Out,6124
SAC 2024–2025,state/year/species,CO,2024,Cat,Shelter Euthanasia,5603
SAC 2024–2025,state/year/species,CO,2024,Cat,Died in Care,1342
SAC 2024–2025,state/year/species,CO,2024,Cat,Lost in Care,71
SAC 2024–2025,state/year/species,CO,2025,Cat,Gross Intakes,78373
SAC 2024–2025,state/year/species,CO,2025,Cat,Community Intakes,64486
SAC 2024–2025,state/year/species,CO,2025,Cat,Gross Outcomes,73229
SAC 2024–2025,state/year/species,CO,2025,Cat,Stray at Large,34186
SAC 2024–2025,state/year/species,CO,2025,Cat,Relinquished by Owner,22189
SAC 2024–2025,state/year/species,CO,2025,Cat,Seized,990
SAC 2024–2025,state/year/species,CO,2025,Cat,Other Intakes,7122
SAC 2024–2025,state/year/species,CO,2025,Cat,Transferred In,13887
SAC 2024–2025,state/year/species,CO,2025,Cat,Adoption,48823
SAC 2024–2025,state/year/species,CO,2025,Cat,Return to Owner,3434
SAC 2024–2025,state/year/species,CO,2025,Cat,Return to Field,5064
SAC 2024–2025,state/year/species,CO,2025,Cat,Other Live Outcomes,1761
SAC 2024–2025,state/year/species,CO,2025,Cat,Transferred Out,6955
SAC 2024–2025,state/year/species,CO,2025,Cat,Shelter Euthanasia,5701
SAC 2024–2025,state/year/species,CO,2025,Cat,Died in Care,1346
SAC 2024–2025,state/year/species,CO,2025,Cat,Lost in Care,144
SAC 2024–2025,state/year/species,CT,2024,Cat,Gross Intakes,54353
SAC 2024–2025,state/year/species,CT,2024,Cat,Community Intakes,50750
SAC 2024–2025,state/year/species,CT,2024,Cat,Gross Outcomes,52366
SAC 2024–2025,state/year/species,CT,2024,Cat,Stray at Large,34734
SAC 2024–2025,state/year/species,CT,2024,Cat,Relinquished by Owner,10597
SAC 2024–2025,state/year/species,CT,2024,Cat,Seized,1232
SAC 2024–2025,state/year/species,CT,2024,Cat,Other Intakes,4188
SAC 2024–2025,state/year/species,CT,2024,Cat,Transferred In,3603
SAC 2024–2025,state/year/species,CT,2024,Cat,Adoption,26874
SAC 2024–2025,state/year/species,CT,2024,Cat,Return to Owner,1920
SAC 2024–2025,state/year/species,CT,2024,Cat,Return to Field,6479
SAC 2024–2025,state/year/species,CT,2024,Cat,Other Live Outcomes,1306
SAC 2024–2025,state/year/species,CT,2024,Cat,Transferred Out,8087
SAC 2024–2025,state/year/species,CT,2024,Cat,Shelter Euthanasia,5934
SAC 2024–2025,state/year/species,CT,2024,Cat,Died in Care,1546
SAC 2024–2025,state/year/species,CT,2024,Cat,Lost in Care,221
SAC 2024–2025,state/year/species,CT,2025,Cat,Gross Intakes,41321
SAC 2024–2025,state/year/species,CT,2025,Cat,Community Intakes,37737
SAC 2024–2025,state/year/species,CT,2025,Cat,Gross Outcomes,40521
SAC 2024–2025,state/year/species,CT,2025,Cat,Stray at Large,25205
SAC 2024–2025,state/year/species,CT,2025,Cat,Relinquished by Owner,8510
SAC 2024–2025,state/year/species,CT,2025,Cat,Seized,858
SAC 2024–2025,state/year/species,CT,2025,Cat,Other Intakes,3163
SAC 2024–2025,state/year/species,CT,2025,Cat,Transferred In,3585
SAC 2024–2025,state/year/species,CT,2025,Cat,Adoption,21793
SAC 2024–2025,state/year/species,CT,2025,Cat,Return to Owner,1446
SAC 2024–2025,state/year/species,CT,2025,Cat,Return to Field,4208
SAC 2024–2025,state/year/species,CT,2025,Cat,Other Live Outcomes,970
SAC 2024–2025,state/year/species,CT,2025,Cat,Transferred Out,6165
SAC 2024–2025,state/year/species,CT,2025,Cat,Shelter Euthanasia,4543
SAC 2024–2025,state/year/species,CT,2025,Cat,Died in Care,1208
SAC 2024–2025,state/year/species,CT,2025,Cat,Lost in Care,188
SAC 2024–2025,state/year/species,DC,2024,Cat,Gross Intakes,9377
SAC 2024–2025,state/year/species,DC,2024,Cat,Community Intakes,8482
SAC 2024–2025,state/year/species,DC,2024,Cat,Gross Outcomes,9445
SAC 2024–2025,state/year/species,DC,2024,Cat,Stray at Large,5548
SAC 2024–2025,state/year/species,DC,2024,Cat,Relinquished by Owner,2319
SAC 2024–2025,state/year/species,DC,2024,Cat,Seized,58
SAC 2024–2025,state/year/species,DC,2024,Cat,Other Intakes,557
SAC 2024–2025,state/year/species,DC,2024,Cat,Transferred In,895
SAC 2024–2025,state/year/species,DC,2024,Cat,Adoption,7066
SAC 2024–2025,state/year/species,DC,2024,Cat,Return to Owner,344
SAC 2024–2025,state/year/species,DC,2024,Cat,Return to Field,520
SAC 2024–2025,state/year/species,DC,2024,Cat,Other Live Outcomes,67
SAC 2024–2025,state/year/species,DC,2024,Cat,Transferred Out,378
SAC 2024–2025,state/year/species,DC,2024,Cat,Shelter Euthanasia,830
SAC 2024–2025,state/year/species,DC,2024,Cat,Died in Care,233
SAC 2024–2025,state/year/species,DC,2024,Cat,Lost in Care,7
SAC 2024–2025,state/year/species,DC,2025,Cat,Gross Intakes,6394
SAC 2024–2025,state/year/species,DC,2025,Cat,Community Intakes,4654
SAC 2024–2025,state/year/species,DC,2025,Cat,Gross Outcomes,6084
SAC 2024–2025,state/year/species,DC,2025,Cat,Stray at Large,2537
SAC 2024–2025,state/year/species,DC,2025,Cat,Relinquished by Owner,1665
SAC 2024–2025,state/year/species,DC,2025,Cat,Seized,94
SAC 2024–2025,state/year/species,DC,2025,Cat,Other Intakes,358
SAC 2024–2025,state/year/species,DC,2025,Cat,Transferred In,1740
SAC 2024–2025,state/year/species,DC,2025,Cat,Adoption,4600
SAC 2024–2025,state/year/species,DC,2025,Cat,Return to Owner,166
SAC 2024–2025,state/year/species,DC,2025,Cat,Return to Field,293
SAC 2024–2025,state/year/species,DC,2025,Cat,Other Live Outcomes,75
SAC 2024–2025,state/year/species,DC,2025,Cat,Transferred Out,412
SAC 2024–2025,state/year/species,DC,2025,Cat,Shelter Euthanasia,396
SAC 2024–2025,state/year/species,DC,2025,Cat,Died in Care,134
SAC 2024–2025,state/year/species,DC,2025,Cat,Lost in Care,9
SAC 2024–2025,state/year/species,DE,2024,Cat,Gross Intakes,11962
SAC 2024–2025,state/year/species,DE,2024,Cat,Community Intakes,9977
SAC 2024–2025,state/year/species,DE,2024,Cat,Gross Outcomes,11935
SAC 2024–2025,state/year/species,DE,2024,Cat,Stray at Large,6195
SAC 2024–2025,state/year/species,DE,2024,Cat,Relinquished by Owner,3139
SAC 2024–2025,state/year/species,DE,2024,Cat,Seized,73
SAC 2024–2025,state/year/species,DE,2024,Cat,Other Intakes,570
SAC 2024–2025,state/year/species,DE,2024,Cat,Transferred In,1986
SAC 2024–2025,state/year/species,DE,2024,Cat,Adoption,9561
SAC 2024–2025,state/year/species,DE,2024,Cat,Return to Owner,213
SAC 2024–2025,state/year/species,DE,2024,Cat,Return to Field,372
SAC 2024–2025,state/year/species,DE,2024,Cat,Other Live Outcomes,92
SAC 2024–2025,state/year/species,DE,2024,Cat,Transferred Out,847
SAC 2024–2025,state/year/species,DE,2024,Cat,Shelter Euthanasia,487
SAC 2024–2025,state/year/species,DE,2024,Cat,Died in Care,353
SAC 2024–2025,state/year/species,DE,2024,Cat,Lost in Care,10
SAC 2024–2025,state/year/species,DE,2025,Cat,Gross Intakes,11690
SAC 2024–2025,state/year/species,DE,2025,Cat,Community Intakes,9509
SAC 2024–2025,state/year/species,DE,2025,Cat,Gross Outcomes,11584
SAC 2024–2025,state/year/species,DE,2025,Cat,Stray at Large,5070
SAC 2024–2025,state/year/species,DE,2025,Cat,Relinquished by Owner,3738
SAC 2024–2025,state/year/species,DE,2025,Cat,Seized,87
SAC 2024–2025,state/year/species,DE,2025,Cat,Other Intakes,614
SAC 2024–2025,state/year/species,DE,2025,Cat,Transferred In,2182
SAC 2024–2025,state/year/species,DE,2025,Cat,Adoption,9371
SAC 2024–2025,state/year/species,DE,2025,Cat,Return to Owner,274
SAC 2024–2025,state/year/species,DE,2025,Cat,Return to Field,383
SAC 2024–2025,state/year/species,DE,2025,Cat,Other Live Outcomes,93
SAC 2024–2025,state/year/species,DE,2025,Cat,Transferred Out,610
SAC 2024–2025,state/year/species,DE,2025,Cat,Shelter Euthanasia,501
SAC 2024–2025,state/year/species,DE,2025,Cat,Died in Care,300
SAC 2024–2025,state/year/species,DE,2025,Cat,Lost in Care,51
SAC 2024–2025,state/year/species,FL,2024,Cat,Gross Intakes,245970
SAC 2024–2025,state/year/species,FL,2024,Cat,Community Intakes,213849
SAC 2024–2025,state/year/species,FL,2024,Cat,Gross Outcomes,242212
SAC 2024–2025,state/year/species,FL,2024,Cat,Stray at Large,144479
SAC 2024–2025,state/year/species,FL,2024,Cat,Relinquished by Owner,50642
SAC 2024–2025,state/year/species,FL,2024,Cat,Seized,2574
SAC 2024–2025,state/year/species,FL,2024,Cat,Other Intakes,16153
SAC 2024–2025,state/year/species,FL,2024,Cat,Transferred In,32121
SAC 2024–2025,state/year/species,FL,2024,Cat,Adoption,143936
SAC 2024–2025,state/year/species,FL,2024,Cat,Return to Owner,5666
SAC 2024–2025,state/year/species,FL,2024,Cat,Return to Field,36886
SAC 2024–2025,state/year/species,FL,2024,Cat,Other Live Outcomes,4534
SAC 2024–2025,state/year/species,FL,2024,Cat,Transferred Out,27786
SAC 2024–2025,state/year/species,FL,2024,Cat,Shelter Euthanasia,16911
SAC 2024–2025,state/year/species,FL,2024,Cat,Died in Care,6126
SAC 2024–2025,state/year/species,FL,2024,Cat,Lost in Care,366
SAC 2024–2025,state/year/species,FL,2025,Cat,Gross Intakes,244756
SAC 2024–2025,state/year/species,FL,2025,Cat,Community Intakes,210904
SAC 2024–2025,state/year/species,FL,2025,Cat,Gross Outcomes,243874
SAC 2024–2025,state/year/species,FL,2025,Cat,Stray at Large,139141
SAC 2024–2025,state/year/species,FL,2025,Cat,Relinquished by Owner,53622
SAC 2024–2025,state/year/species,FL,2025,Cat,Seized,2976
SAC 2024–2025,state/year/species,FL,2025,Cat,Other Intakes,15164
SAC 2024–2025,state/year/species,FL,2025,Cat,Transferred In,33853
SAC 2024–2025,state/year/species,FL,2025,Cat,Adoption,151123
SAC 2024–2025,state/year/species,FL,2025,Cat,Return to Owner,5559
SAC 2024–2025,state/year/species,FL,2025,Cat,Return to Field,30976
SAC 2024–2025,state/year/species,FL,2025,Cat,Other Live Outcomes,3986
SAC 2024–2025,state/year/species,FL,2025,Cat,Transferred Out,27242
SAC 2024–2025,state/year/species,FL,2025,Cat,Shelter Euthanasia,17828
SAC 2024–2025,state/year/species,FL,2025,Cat,Died in Care,6278
SAC 2024–2025,state/year/species,FL,2025,Cat,Lost in Care,882
SAC 2024–2025,state/year/species,GA,2024,Cat,Gross Intakes,100966
SAC 2024–2025,state/year/species,GA,2024,Cat,Community Intakes,82802
SAC 2024–2025,state/year/species,GA,2024,Cat,Gross Outcomes,98960
SAC 2024–2025,state/year/species,GA,2024,Cat,Stray at Large,45791
SAC 2024–2025,state/year/species,GA,2024,Cat,Relinquished by Owner,28645
SAC 2024–2025,state/year/species,GA,2024,Cat,Seized,1550
SAC 2024–2025,state/year/species,GA,2024,Cat,Other Intakes,6816
SAC 2024–2025,state/year/species,GA,2024,Cat,Transferred In,18164
SAC 2024–2025,state/year/species,GA,2024,Cat,Adoption,61684
SAC 2024–2025,state/year/species,GA,2024,Cat,Return to Owner,2539
SAC 2024–2025,state/year/species,GA,2024,Cat,Return to Field,5194
SAC 2024–2025,state/year/species,GA,2024,Cat,Other Live Outcomes,3016
SAC 2024–2025,state/year/species,GA,2024,Cat,Transferred Out,16869
SAC 2024–2025,state/year/species,GA,2024,Cat,Shelter Euthanasia,6300
SAC 2024–2025,state/year/species,GA,2024,Cat,Died in Care,3145
SAC 2024–2025,state/year/species,GA,2024,Cat,Lost in Care,214
SAC 2024–2025,state/year/species,GA,2025,Cat,Gross Intakes,97070
SAC 2024–2025,state/year/species,GA,2025,Cat,Community Intakes,80396
SAC 2024–2025,state/year/species,GA,2025,Cat,Gross Outcomes,98668
SAC 2024–2025,state/year/species,GA,2025,Cat,Stray at Large,46276
SAC 2024–2025,state/year/species,GA,2025,Cat,Relinquished by Owner,26414
SAC 2024–2025,state/year/species,GA,2025,Cat,Seized,1236
SAC 2024–2025,state/year/species,GA,2025,Cat,Other Intakes,6470
SAC 2024–2025,state/year/species,GA,2025,Cat,Transferred In,16674
SAC 2024–2025,state/year/species,GA,2025,Cat,Adoption,62521
SAC 2024–2025,state/year/species,GA,2025,Cat,Return to Owner,2656
SAC 2024–2025,state/year/species,GA,2025,Cat,Return to Field,5215
SAC 2024–2025,state/year/species,GA,2025,Cat,Other Live Outcomes,3258
SAC 2024–2025,state/year/species,GA,2025,Cat,Transferred Out,14796
SAC 2024–2025,state/year/species,GA,2025,Cat,Shelter Euthanasia,6526
SAC 2024–2025,state/year/species,GA,2025,Cat,Died in Care,3240
SAC 2024–2025,state/year/species,GA,2025,Cat,Lost in Care,455
SAC 2024–2025,state/year/species,GU,2024,Cat,Gross Intakes,412
SAC 2024–2025,state/year/species,GU,2024,Cat,Community Intakes,372
SAC 2024–2025,state/year/species,GU,2024,Cat,Gross Outcomes,393
SAC 2024–2025,state/year/species,GU,2024,Cat,Stray at Large,229
SAC 2024–2025,state/year/species,GU,2024,Cat,Relinquished by Owner,108
SAC 2024–2025,state/year/species,GU,2024,Cat,Seized,8
SAC 2024–2025,state/year/species,GU,2024,Cat,Other Intakes,27
SAC 2024–2025,state/year/species,GU,2024,Cat,Transferred In,40
SAC 2024–2025,state/year/species,GU,2024,Cat,Adoption,258
SAC 2024–2025,state/year/species,GU,2024,Cat,Return to Owner,14
SAC 2024–2025,state/year/species,GU,2024,Cat,Return to Field,28
SAC 2024–2025,state/year/species,GU,2024,Cat,Other Live Outcomes,8
SAC 2024–2025,state/year/species,GU,2024,Cat,Transferred Out,38
SAC 2024–2025,state/year/species,GU,2024,Cat,Shelter Euthanasia,35
SAC 2024–2025,state/year/species,GU,2024,Cat,Died in Care,10
SAC 2024–2025,state/year/species,GU,2024,Cat,Lost in Care,1
SAC 2024–2025,state/year/species,GU,2025,Cat,Gross Intakes,384
SAC 2024–2025,state/year/species,GU,2025,Cat,Community Intakes,344
SAC 2024–2025,state/year/species,GU,2025,Cat,Gross Outcomes,368
SAC 2024–2025,state/year/species,GU,2025,Cat,Stray at Large,208
SAC 2024–2025,state/year/species,GU,2025,Cat,Relinquished by Owner,106
SAC 2024–2025,state/year/species,GU,2025,Cat,Seized,8
SAC 2024–2025,state/year/species,GU,2025,Cat,Other Intakes,22
SAC 2024–2025,state/year/species,GU,2025,Cat,Transferred In,41
SAC 2024–2025,state/year/species,GU,2025,Cat,Adoption,244
SAC 2024–2025,state/year/species,GU,2025,Cat,Return to Owner,15
SAC 2024–2025,state/year/species,GU,2025,Cat,Return to Field,26
SAC 2024–2025,state/year/species,GU,2025,Cat,Other Live Outcomes,7
SAC 2024–2025,state/year/species,GU,2025,Cat,Transferred Out,35
SAC 2024–2025,state/year/species,GU,2025,Cat,Shelter Euthanasia,32
SAC 2024–2025,state/year/species,GU,2025,Cat,Died in Care,10
SAC 2024–2025,state/year/species,GU,2025,Cat,Lost in Care,1
SAC 2024–2025,state/year/species,HI,2024,Cat,Gross Intakes,14958
SAC 2024–2025,state/year/species,HI,2024,Cat,Community Intakes,13864
SAC 2024–2025,state/year/species,HI,2024,Cat,Gross Outcomes,15048
SAC 2024–2025,state/year/species,HI,2024,Cat,Stray at Large,10843
SAC 2024–2025,state/year/species,HI,2024,Cat,Relinquished by Owner,2720
SAC 2024–2025,state/year/species,HI,2024,Cat,Seized,31
SAC 2024–2025,state/year/species,HI,2024,Cat,Other Intakes,270
SAC 2024–2025,state/year/species,HI,2024,Cat,Transferred In,1094
SAC 2024–2025,state/year/species,HI,2024,Cat,Adoption,8525
SAC 2024–2025,state/year/species,HI,2024,Cat,Return to Owner,679
SAC 2024–2025,state/year/species,HI,2024,Cat,Return to Field,1040
SAC 2024–2025,state/year/species,HI,2024,Cat,Other Live Outcomes,107
SAC 2024–2025,state/year/species,HI,2024,Cat,Transferred Out,1177
SAC 2024–2025,state/year/species,HI,2024,Cat,Shelter Euthanasia,3131
SAC 2024–2025,state/year/species,HI,2024,Cat,Died in Care,340
SAC 2024–2025,state/year/species,HI,2024,Cat,Lost in Care,49
SAC 2024–2025,state/year/species,HI,2025,Cat,Gross Intakes,13947
SAC 2024–2025,state/year/species,HI,2025,Cat,Community Intakes,13044
SAC 2024–2025,state/year/species,HI,2025,Cat,Gross Outcomes,13947
SAC 2024–2025,state/year/species,HI,2025,Cat,Stray at Large,10548
SAC 2024–2025,state/year/species,HI,2025,Cat,Relinquished by Owner,2173
SAC 2024–2025,state/year/species,HI,2025,Cat,Seized,27
SAC 2024–2025,state/year/species,HI,2025,Cat,Other Intakes,297
SAC 2024–2025,state/year/species,HI,2025,Cat,Transferred In,903
SAC 2024–2025,state/year/species,HI,2025,Cat,Adoption,8064
SAC 2024–2025,state/year/species,HI,2025,Cat,Return to Owner,721
SAC 2024–2025,state/year/species,HI,2025,Cat,Return to Field,1121
SAC 2024–2025,state/year/species,HI,2025,Cat,Other Live Outcomes,105
SAC 2024–2025,state/year/species,HI,2025,Cat,Transferred Out,827
SAC 2024–2025,state/year/species,HI,2025,Cat,Shelter Euthanasia,2762
SAC 2024–2025,state/year/species,HI,2025,Cat,Died in Care,301
SAC 2024–2025,state/year/species,HI,2025,Cat,Lost in Care,45
SAC 2024–2025,state/year/species,IA,2024,Cat,Gross Intakes,38513
SAC 2024–2025,state/year/species,IA,2024,Cat,Community Intakes,35283
SAC 2024–2025,state/year/species,IA,2024,Cat,Gross Outcomes,37354
SAC 2024–2025,state/year/species,IA,2024,Cat,Stray at Large,21823
SAC 2024–2025,state/year/species,IA,2024,Cat,Relinquished by Owner,10522
SAC 2024–2025,state/year/species,IA,2024,Cat,Seized,662
SAC 2024–2025,state/year/species,IA,2024,Cat,Other Intakes,2276
SAC 2024–2025,state/year/species,IA,2024,Cat,Transferred In,3230
SAC 2024–2025,state/year/species,IA,2024,Cat,Adoption,25630
SAC 2024–2025,state/year/species,IA,2024,Cat,Return to Owner,1466
SAC 2024–2025,state/year/species,IA,2024,Cat,Return to Field,2327
SAC 2024–2025,state/year/species,IA,2024,Cat,Other Live Outcomes,738
SAC 2024–2025,state/year/species,IA,2024,Cat,Transferred Out,2681
SAC 2024–2025,state/year/species,IA,2024,Cat,Shelter Euthanasia,3201
SAC 2024–2025,state/year/species,IA,2024,Cat,Died in Care,1254
SAC 2024–2025,state/year/species,IA,2024,Cat,Lost in Care,58
SAC 2024–2025,state/year/species,IA,2025,Cat,Gross Intakes,36091
SAC 2024–2025,state/year/species,IA,2025,Cat,Community Intakes,33164
SAC 2024–2025,state/year/species,IA,2025,Cat,Gross Outcomes,35495
SAC 2024–2025,state/year/species,IA,2025,Cat,Stray at Large,19973
SAC 2024–2025,state/year/species,IA,2025,Cat,Relinquished by Owner,10483
SAC 2024–2025,state/year/species,IA,2025,Cat,Seized,711
SAC 2024–2025,state/year/species,IA,2025,Cat,Other Intakes,1997
SAC 2024–2025,state/year/species,IA,2025,Cat,Transferred In,2927
SAC 2024–2025,state/year/species,IA,2025,Cat,Adoption,24772
SAC 2024–2025,state/year/species,IA,2025,Cat,Return to Owner,1322
SAC 2024–2025,state/year/species,IA,2025,Cat,Return to Field,2282
SAC 2024–2025,state/year/species,IA,2025,Cat,Other Live Outcomes,644
SAC 2024–2025,state/year/species,IA,2025,Cat,Transferred Out,2315
SAC 2024–2025,state/year/species,IA,2025,Cat,Shelter Euthanasia,3050
SAC 2024–2025,state/year/species,IA,2025,Cat,Died in Care,1046
SAC 2024–2025,state/year/species,IA,2025,Cat,Lost in Care,64
SAC 2024–2025,state/year/species,ID,2024,Cat,Gross Intakes,26312
SAC 2024–2025,state/year/species,ID,2024,Cat,Community Intakes,23951
SAC 2024–2025,state/year/species,ID,2024,Cat,Gross Outcomes,25663
SAC 2024–2025,state/year/species,ID,2024,Cat,Stray at Large,16051
SAC 2024–2025,state/year/species,ID,2024,Cat,Relinquished by Owner,5898
SAC 2024–2025,state/year/species,ID,2024,Cat,Seized,312
SAC 2024–2025,state/year/species,ID,2024,Cat,Other Intakes,1690
SAC 2024–2025,state/year/species,ID,2024,Cat,Transferred In,2361
SAC 2024–2025,state/year/species,ID,2024,Cat,Adoption,16692
SAC 2024–2025,state/year/species,ID,2024,Cat,Return to Owner,1390
SAC 2024–2025,state/year/species,ID,2024,Cat,Return to Field,2831
SAC 2024–2025,state/year/species,ID,2024,Cat,Other Live Outcomes,732
SAC 2024–2025,state/year/species,ID,2024,Cat,Transferred Out,1604
SAC 2024–2025,state/year/species,ID,2024,Cat,Shelter Euthanasia,1611
SAC 2024–2025,state/year/species,ID,2024,Cat,Died in Care,752
SAC 2024–2025,state/year/species,ID,2024,Cat,Lost in Care,51
SAC 2024–2025,state/year/species,ID,2025,Cat,Gross Intakes,26308
SAC 2024–2025,state/year/species,ID,2025,Cat,Community Intakes,23445
SAC 2024–2025,state/year/species,ID,2025,Cat,Gross Outcomes,25697
SAC 2024–2025,state/year/species,ID,2025,Cat,Stray at Large,15552
SAC 2024–2025,state/year/species,ID,2025,Cat,Relinquished by Owner,6135
SAC 2024–2025,state/year/species,ID,2025,Cat,Seized,297
SAC 2024–2025,state/year/species,ID,2025,Cat,Other Intakes,1461
SAC 2024–2025,state/year/species,ID,2025,Cat,Transferred In,2863
SAC 2024–2025,state/year/species,ID,2025,Cat,Adoption,16844
SAC 2024–2025,state/year/species,ID,2025,Cat,Return to Owner,1687
SAC 2024–2025,state/year/species,ID,2025,Cat,Return to Field,2614
SAC 2024–2025,state/year/species,ID,2025,Cat,Other Live Outcomes,627
SAC 2024–2025,state/year/species,ID,2025,Cat,Transferred Out,1760
SAC 2024–2025,state/year/species,ID,2025,Cat,Shelter Euthanasia,1461
SAC 2024–2025,state/year/species,ID,2025,Cat,Died in Care,626
SAC 2024–2025,state/year/species,ID,2025,Cat,Lost in Care,78
SAC 2024–2025,state/year/species,IL,2024,Cat,Gross Intakes,82681
SAC 2024–2025,state/year/species,IL,2024,Cat,Community Intakes,64892
SAC 2024–2025,state/year/species,IL,2024,Cat,Gross Outcomes,82214
SAC 2024–2025,state/year/species,IL,2024,Cat,Stray at Large,33782
SAC 2024–2025,state/year/species,IL,2024,Cat,Relinquished by Owner,23488
SAC 2024–2025,state/year/species,IL,2024,Cat,Seized,1952
SAC 2024–2025,state/year/species,IL,2024,Cat,Other Intakes,5669
SAC 2024–2025,state/year/species,IL,2024,Cat,Transferred In,17789
SAC 2024–2025,state/year/species,IL,2024,Cat,Adoption,59142
SAC 2024–2025,state/year/species,IL,2024,Cat,Return to Owner,1932
SAC 2024–2025,state/year/species,IL,2024,Cat,Return to Field,3879
SAC 2024–2025,state/year/species,IL,2024,Cat,Other Live Outcomes,792
SAC 2024–2025,state/year/species,IL,2024,Cat,Transferred Out,7853
SAC 2024–2025,state/year/species,IL,2024,Cat,Shelter Euthanasia,5990
SAC 2024–2025,state/year/species,IL,2024,Cat,Died in Care,2455
SAC 2024–2025,state/year/species,IL,2024,Cat,Lost in Care,172
SAC 2024–2025,state/year/species,IL,2025,Cat,Gross Intakes,86501
SAC 2024–2025,state/year/species,IL,2025,Cat,Community Intakes,67101
SAC 2024–2025,state/year/species,IL,2025,Cat,Gross Outcomes,88009
SAC 2024–2025,state/year/species,IL,2025,Cat,Stray at Large,34462
SAC 2024–2025,state/year/species,IL,2025,Cat,Relinquished by Owner,25595
SAC 2024–2025,state/year/species,IL,2025,Cat,Seized,1466
SAC 2024–2025,state/year/species,IL,2025,Cat,Other Intakes,5579
SAC 2024–2025,state/year/species,IL,2025,Cat,Transferred In,19400
SAC 2024–2025,state/year/species,IL,2025,Cat,Adoption,64187
SAC 2024–2025,state/year/species,IL,2025,Cat,Return to Owner,2175
SAC 2024–2025,state/year/species,IL,2025,Cat,Return to Field,4446
SAC 2024–2025,state/year/species,IL,2025,Cat,Other Live Outcomes,891
SAC 2024–2025,state/year/species,IL,2025,Cat,Transferred Out,7266
SAC 2024–2025,state/year/species,IL,2025,Cat,Shelter Euthanasia,6195
SAC 2024–2025,state/year/species,IL,2025,Cat,Died in Care,2409
SAC 2024–2025,state/year/species,IL,2025,Cat,Lost in Care,440
SAC 2024–2025,state/year/species,IN,2024,Cat,Gross Intakes,76494
SAC 2024–2025,state/year/species,IN,2024,Cat,Community Intakes,66841
SAC 2024–2025,state/year/species,IN,2024,Cat,Gross Outcomes,73824
SAC 2024–2025,state/year/species,IN,2024,Cat,Stray at Large,40101
SAC 2024–2025,state/year/species,IN,2024,Cat,Relinquished by Owner,19513
SAC 2024–2025,state/year/species,IN,2024,Cat,Seized,1502
SAC 2024–2025,state/year/species,IN,2024,Cat,Other Intakes,5726
SAC 2024–2025,state/year/species,IN,2024,Cat,Transferred In,9653
SAC 2024–2025,state/year/species,IN,2024,Cat,Adoption,49254
SAC 2024–2025,state/year/species,IN,2024,Cat,Return to Owner,2137
SAC 2024–2025,state/year/species,IN,2024,Cat,Return to Field,4916
SAC 2024–2025,state/year/species,IN,2024,Cat,Other Live Outcomes,1353
SAC 2024–2025,state/year/species,IN,2024,Cat,Transferred Out,7416
SAC 2024–2025,state/year/species,IN,2024,Cat,Shelter Euthanasia,6098
SAC 2024–2025,state/year/species,IN,2024,Cat,Died in Care,2545
SAC 2024–2025,state/year/species,IN,2024,Cat,Lost in Care,105
SAC 2024–2025,state/year/species,IN,2025,Cat,Gross Intakes,80599
SAC 2024–2025,state/year/species,IN,2025,Cat,Community Intakes,70773
SAC 2024–2025,state/year/species,IN,2025,Cat,Gross Outcomes,78511
SAC 2024–2025,state/year/species,IN,2025,Cat,Stray at Large,43405
SAC 2024–2025,state/year/species,IN,2025,Cat,Relinquished by Owner,21118
SAC 2024–2025,state/year/species,IN,2025,Cat,Seized,1744
SAC 2024–2025,state/year/species,IN,2025,Cat,Other Intakes,4506
SAC 2024–2025,state/year/species,IN,2025,Cat,Transferred In,9826
SAC 2024–2025,state/year/species,IN,2025,Cat,Adoption,51652
SAC 2024–2025,state/year/species,IN,2025,Cat,Return to Owner,2326
SAC 2024–2025,state/year/species,IN,2025,Cat,Return to Field,4957
SAC 2024–2025,state/year/species,IN,2025,Cat,Other Live Outcomes,1182
SAC 2024–2025,state/year/species,IN,2025,Cat,Transferred Out,8164
SAC 2024–2025,state/year/species,IN,2025,Cat,Shelter Euthanasia,7245
SAC 2024–2025,state/year/species,IN,2025,Cat,Died in Care,2659
SAC 2024–2025,state/year/species,IN,2025,Cat,Lost in Care,325
SAC 2024–2025,state/year/species,KS,2024,Cat,Gross Intakes,47843
SAC 2024–2025,state/year/species,KS,2024,Cat,Community Intakes,40967
SAC 2024–2025,state/year/species,KS,2024,Cat,Gross Outcomes,45574
SAC 2024–2025,state/year/species,KS,2024,Cat,Stray at Large,24181
SAC 2024–2025,state/year/species,KS,2024,Cat,Relinquished by Owner,13219
SAC 2024–2025,state/year/species,KS,2024,Cat,Seized,786
SAC 2024–2025,state/year/species,KS,2024,Cat,Other Intakes,2781
SAC 2024–2025,state/year/species,KS,2024,Cat,Transferred In,6875
SAC 2024–2025,state/year/species,KS,2024,Cat,Adoption,28800
SAC 2024–2025,state/year/species,KS,2024,Cat,Return to Owner,1413
SAC 2024–2025,state/year/species,KS,2024,Cat,Return to Field,3323
SAC 2024–2025,state/year/species,KS,2024,Cat,Other Live Outcomes,754
SAC 2024–2025,state/year/species,KS,2024,Cat,Transferred Out,5722
SAC 2024–2025,state/year/species,KS,2024,Cat,Shelter Euthanasia,4122
SAC 2024–2025,state/year/species,KS,2024,Cat,Died in Care,1317
SAC 2024–2025,state/year/species,KS,2024,Cat,Lost in Care,123
SAC 2024–2025,state/year/species,KS,2025,Cat,Gross Intakes,46248
SAC 2024–2025,state/year/species,KS,2025,Cat,Community Intakes,39721
SAC 2024–2025,state/year/species,KS,2025,Cat,Gross Outcomes,45452
SAC 2024–2025,state/year/species,KS,2025,Cat,Stray at Large,23015
SAC 2024–2025,state/year/species,KS,2025,Cat,Relinquished by Owner,13216
SAC 2024–2025,state/year/species,KS,2025,Cat,Seized,820
SAC 2024–2025,state/year/species,KS,2025,Cat,Other Intakes,2670
SAC 2024–2025,state/year/species,KS,2025,Cat,Transferred In,6527
SAC 2024–2025,state/year/species,KS,2025,Cat,Adoption,28770
SAC 2024–2025,state/year/species,KS,2025,Cat,Return to Owner,1427
SAC 2024–2025,state/year/species,KS,2025,Cat,Return to Field,3117
SAC 2024–2025,state/year/species,KS,2025,Cat,Other Live Outcomes,686
SAC 2024–2025,state/year/species,KS,2025,Cat,Transferred Out,5762
SAC 2024–2025,state/year/species,KS,2025,Cat,Shelter Euthanasia,4027
SAC 2024–2025,state/year/species,KS,2025,Cat,Died in Care,1524
SAC 2024–2025,state/year/species,KS,2025,Cat,Lost in Care,138
SAC 2024–2025,state/year/species,KY,2024,Cat,Gross Intakes,67043
SAC 2024–2025,state/year/species,KY,2024,Cat,Community Intakes,58903
SAC 2024–2025,state/year/species,KY,2024,Cat,Gross Outcomes,64348
SAC 2024–2025,state/year/species,KY,2024,Cat,Stray at Large,35788
SAC 2024–2025,state/year/species,KY,2024,Cat,Relinquished by Owner,18373
SAC 2024–2025,state/year/species,KY,2024,Cat,Seized,869
SAC 2024–2025,state/year/species,KY,2024,Cat,Other Intakes,3873
SAC 2024–2025,state/year/species,KY,2024,Cat,Transferred In,8140
SAC 2024–2025,state/year/species,KY,2024,Cat,Adoption,37635
SAC 2024–2025,state/year/species,KY,2024,Cat,Return to Owner,1744
SAC 2024–2025,state/year/species,KY,2024,Cat,Return to Field,6494
SAC 2024–2025,state/year/species,KY,2024,Cat,Other Live Outcomes,972
SAC 2024–2025,state/year/species,KY,2024,Cat,Transferred Out,8775
SAC 2024–2025,state/year/species,KY,2024,Cat,Shelter Euthanasia,6697
SAC 2024–2025,state/year/species,KY,2024,Cat,Died in Care,1882
SAC 2024–2025,state/year/species,KY,2024,Cat,Lost in Care,148
SAC 2024–2025,state/year/species,KY,2025,Cat,Gross Intakes,65817
SAC 2024–2025,state/year/species,KY,2025,Cat,Community Intakes,57812
SAC 2024–2025,state/year/species,KY,2025,Cat,Gross Outcomes,63576
SAC 2024–2025,state/year/species,KY,2025,Cat,Stray at Large,35013
SAC 2024–2025,state/year/species,KY,2025,Cat,Relinquished by Owner,17920
SAC 2024–2025,state/year/species,KY,2025,Cat,Seized,909
SAC 2024–2025,state/year/species,KY,2025,Cat,Other Intakes,3969
SAC 2024–2025,state/year/species,KY,2025,Cat,Transferred In,8004
SAC 2024–2025,state/year/species,KY,2025,Cat,Adoption,36937
SAC 2024–2025,state/year/species,KY,2025,Cat,Return to Owner,1933
SAC 2024–2025,state/year/species,KY,2025,Cat,Return to Field,6503
SAC 2024–2025,state/year/species,KY,2025,Cat,Other Live Outcomes,992
SAC 2024–2025,state/year/species,KY,2025,Cat,Transferred Out,8316
SAC 2024–2025,state/year/species,KY,2025,Cat,Shelter Euthanasia,6926
SAC 2024–2025,state/year/species,KY,2025,Cat,Died in Care,1766
SAC 2024–2025,state/year/species,KY,2025,Cat,Lost in Care,204
SAC 2024–2025,state/year/species,LA,2024,Cat,Gross Intakes,61817
SAC 2024–2025,state/year/species,LA,2024,Cat,Community Intakes,57272
SAC 2024–2025,state/year/species,LA,2024,Cat,Gross Outcomes,58628
SAC 2024–2025,state/year/species,LA,2024,Cat,Stray at Large,40538
SAC 2024–2025,state/year/species,LA,2024,Cat,Relinquished by Owner,9800
SAC 2024–2025,state/year/species,LA,2024,Cat,Seized,3210
SAC 2024–2025,state/year/species,LA,2024,Cat,Other Intakes,3724
SAC 2024–2025,state/year/species,LA,2024,Cat,Transferred In,4546
SAC 2024–2025,state/year/species,LA,2024,Cat,Adoption,28571
SAC 2024–2025,state/year/species,LA,2024,Cat,Return to Owner,2511
SAC 2024–2025,state/year/species,LA,2024,Cat,Return to Field,11631
SAC 2024–2025,state/year/species,LA,2024,Cat,Other Live Outcomes,944
SAC 2024–2025,state/year/species,LA,2024,Cat,Transferred Out,7622
SAC 2024–2025,state/year/species,LA,2024,Cat,Shelter Euthanasia,5226
SAC 2024–2025,state/year/species,LA,2024,Cat,Died in Care,1946
SAC 2024–2025,state/year/species,LA,2024,Cat,Lost in Care,178
SAC 2024–2025,state/year/species,LA,2025,Cat,Gross Intakes,64094
SAC 2024–2025,state/year/species,LA,2025,Cat,Community Intakes,59085
SAC 2024–2025,state/year/species,LA,2025,Cat,Gross Outcomes,63182
SAC 2024–2025,state/year/species,LA,2025,Cat,Stray at Large,40650
SAC 2024–2025,state/year/species,LA,2025,Cat,Relinquished by Owner,10809
SAC 2024–2025,state/year/species,LA,2025,Cat,Seized,3970
SAC 2024–2025,state/year/species,LA,2025,Cat,Other Intakes,3657
SAC 2024–2025,state/year/species,LA,2025,Cat,Transferred In,5009
SAC 2024–2025,state/year/species,LA,2025,Cat,Adoption,31330
SAC 2024–2025,state/year/species,LA,2025,Cat,Return to Owner,1680
SAC 2024–2025,state/year/species,LA,2025,Cat,Return to Field,12325
SAC 2024–2025,state/year/species,LA,2025,Cat,Other Live Outcomes,1150
SAC 2024–2025,state/year/species,LA,2025,Cat,Transferred Out,7833
SAC 2024–2025,state/year/species,LA,2025,Cat,Shelter Euthanasia,6458
SAC 2024–2025,state/year/species,LA,2025,Cat,Died in Care,2137
SAC 2024–2025,state/year/species,LA,2025,Cat,Lost in Care,270
SAC 2024–2025,state/year/species,MA,2024,Cat,Gross Intakes,35532
SAC 2024–2025,state/year/species,MA,2024,Cat,Community Intakes,24232
SAC 2024–2025,state/year/species,MA,2024,Cat,Gross Outcomes,34185
SAC 2024–2025,state/year/species,MA,2024,Cat,Stray at Large,11206
SAC 2024–2025,state/year/species,MA,2024,Cat,Relinquished by Owner,10872
SAC 2024–2025,state/year/species,MA,2024,Cat,Seized,207
SAC 2024–2025,state/year/species,MA,2024,Cat,Other Intakes,1948
SAC 2024–2025,state/year/species,MA,2024,Cat,Transferred In,11299
SAC 2024–2025,state/year/species,MA,2024,Cat,Adoption,28017
SAC 2024–2025,state/year/species,MA,2024,Cat,Return to Owner,970
SAC 2024–2025,state/year/species,MA,2024,Cat,Return to Field,1060
SAC 2024–2025,state/year/species,MA,2024,Cat,Other Live Outcomes,172
SAC 2024–2025,state/year/species,MA,2024,Cat,Transferred Out,1889
SAC 2024–2025,state/year/species,MA,2024,Cat,Shelter Euthanasia,1485
SAC 2024–2025,state/year/species,MA,2024,Cat,Died in Care,564
SAC 2024–2025,state/year/species,MA,2024,Cat,Lost in Care,28
SAC 2024–2025,state/year/species,MA,2025,Cat,Gross Intakes,36553
SAC 2024–2025,state/year/species,MA,2025,Cat,Community Intakes,25200
SAC 2024–2025,state/year/species,MA,2025,Cat,Gross Outcomes,37277
SAC 2024–2025,state/year/species,MA,2025,Cat,Stray at Large,10982
SAC 2024–2025,state/year/species,MA,2025,Cat,Relinquished by Owner,12267
SAC 2024–2025,state/year/species,MA,2025,Cat,Seized,189
SAC 2024–2025,state/year/species,MA,2025,Cat,Other Intakes,1763
SAC 2024–2025,state/year/species,MA,2025,Cat,Transferred In,11352
SAC 2024–2025,state/year/species,MA,2025,Cat,Adoption,30372
SAC 2024–2025,state/year/species,MA,2025,Cat,Return to Owner,964
SAC 2024–2025,state/year/species,MA,2025,Cat,Return to Field,996
SAC 2024–2025,state/year/species,MA,2025,Cat,Other Live Outcomes,268
SAC 2024–2025,state/year/species,MA,2025,Cat,Transferred Out,2337
SAC 2024–2025,state/year/species,MA,2025,Cat,Shelter Euthanasia,1611
SAC 2024–2025,state/year/species,MA,2025,Cat,Died in Care,583
SAC 2024–2025,state/year/species,MA,2025,Cat,Lost in Care,147
SAC 2024–2025,state/year/species,MD,2024,Cat,Gross Intakes,55747
SAC 2024–2025,state/year/species,MD,2024,Cat,Community Intakes,48416
SAC 2024–2025,state/year/species,MD,2024,Cat,Gross Outcomes,56375
SAC 2024–2025,state/year/species,MD,2024,Cat,Stray at Large,28638
SAC 2024–2025,state/year/species,MD,2024,Cat,Relinquished by Owner,13660
SAC 2024–2025,state/year/species,MD,2024,Cat,Seized,669
SAC 2024–2025,state/year/species,MD,2024,Cat,Other Intakes,5449
SAC 2024–2025,state/year/species,MD,2024,Cat,Transferred In,7331
SAC 2024–2025,state/year/species,MD,2024,Cat,Adoption,37077
SAC 2024–2025,state/year/species,MD,2024,Cat,Return to Owner,1621
SAC 2024–2025,state/year/species,MD,2024,Cat,Return to Field,3455
SAC 2024–2025,state/year/species,MD,2024,Cat,Other Live Outcomes,696
SAC 2024–2025,state/year/species,MD,2024,Cat,Transferred Out,7407
SAC 2024–2025,state/year/species,MD,2024,Cat,Shelter Euthanasia,4537
SAC 2024–2025,state/year/species,MD,2024,Cat,Died in Care,1502
SAC 2024–2025,state/year/species,MD,2024,Cat,Lost in Care,79
SAC 2024–2025,state/year/species,MD,2025,Cat,Gross Intakes,54676
SAC 2024–2025,state/year/species,MD,2025,Cat,Community Intakes,46984
SAC 2024–2025,state/year/species,MD,2025,Cat,Gross Outcomes,54897
SAC 2024–2025,state/year/species,MD,2025,Cat,Stray at Large,27363
SAC 2024–2025,state/year/species,MD,2025,Cat,Relinquished by Owner,13582
SAC 2024–2025,state/year/species,MD,2025,Cat,Seized,722
SAC 2024–2025,state/year/species,MD,2025,Cat,Other Intakes,5317
SAC 2024–2025,state/year/species,MD,2025,Cat,Transferred In,7692
SAC 2024–2025,state/year/species,MD,2025,Cat,Adoption,36296
SAC 2024–2025,state/year/species,MD,2025,Cat,Return to Owner,1692
SAC 2024–2025,state/year/species,MD,2025,Cat,Return to Field,3274
SAC 2024–2025,state/year/species,MD,2025,Cat,Other Live Outcomes,664
SAC 2024–2025,state/year/species,MD,2025,Cat,Transferred Out,7054
SAC 2024–2025,state/year/species,MD,2025,Cat,Shelter Euthanasia,4238
SAC 2024–2025,state/year/species,MD,2025,Cat,Died in Care,1431
SAC 2024–2025,state/year/species,MD,2025,Cat,Lost in Care,247
SAC 2024–2025,state/year/species,ME,2024,Cat,Gross Intakes,18551
SAC 2024–2025,state/year/species,ME,2024,Cat,Community Intakes,14582
SAC 2024–2025,state/year/species,ME,2024,Cat,Gross Outcomes,18853
SAC 2024–2025,state/year/species,ME,2024,Cat,Stray at Large,6110
SAC 2024–2025,state/year/species,ME,2024,Cat,Relinquished by Owner,6844
SAC 2024–2025,state/year/species,ME,2024,Cat,Seized,167
SAC 2024–2025,state/year/species,ME,2024,Cat,Other Intakes,1462
SAC 2024–2025,state/year/species,ME,2024,Cat,Transferred In,3969
SAC 2024–2025,state/year/species,ME,2024,Cat,Adoption,15363
SAC 2024–2025,state/year/species,ME,2024,Cat,Return to Owner,935
SAC 2024–2025,state/year/species,ME,2024,Cat,Return to Field,389
SAC 2024–2025,state/year/species,ME,2024,Cat,Other Live Outcomes,145
SAC 2024–2025,state/year/species,ME,2024,Cat,Transferred Out,884
SAC 2024–2025,state/year/species,ME,2024,Cat,Shelter Euthanasia,683
SAC 2024–2025,state/year/species,ME,2024,Cat,Died in Care,433
SAC 2024–2025,state/year/species,ME,2024,Cat,Lost in Care,21
SAC 2024–2025,state/year/species,ME,2025,Cat,Gross Intakes,16781
SAC 2024–2025,state/year/species,ME,2025,Cat,Community Intakes,13327
SAC 2024–2025,state/year/species,ME,2025,Cat,Gross Outcomes,17335
SAC 2024–2025,state/year/species,ME,2025,Cat,Stray at Large,5711
SAC 2024–2025,state/year/species,ME,2025,Cat,Relinquished by Owner,6540
SAC 2024–2025,state/year/species,ME,2025,Cat,Seized,108
SAC 2024–2025,state/year/species,ME,2025,Cat,Other Intakes,968
SAC 2024–2025,state/year/species,ME,2025,Cat,Transferred In,3454
SAC 2024–2025,state/year/species,ME,2025,Cat,Adoption,14354
SAC 2024–2025,state/year/species,ME,2025,Cat,Return to Owner,747
SAC 2024–2025,state/year/species,ME,2025,Cat,Return to Field,367
SAC 2024–2025,state/year/species,ME,2025,Cat,Other Live Outcomes,80
SAC 2024–2025,state/year/species,ME,2025,Cat,Transferred Out,702
SAC 2024–2025,state/year/species,ME,2025,Cat,Shelter Euthanasia,576
SAC 2024–2025,state/year/species,ME,2025,Cat,Died in Care,397
SAC 2024–2025,state/year/species,ME,2025,Cat,Lost in Care,111
SAC 2024–2025,state/year/species,MI,2024,Cat,Gross Intakes,77346
SAC 2024–2025,state/year/species,MI,2024,Cat,Community Intakes,67472
SAC 2024–2025,state/year/species,MI,2024,Cat,Gross Outcomes,71962
SAC 2024–2025,state/year/species,MI,2024,Cat,Stray at Large,37437
SAC 2024–2025,state/year/species,MI,2024,Cat,Relinquished by Owner,23148
SAC 2024–2025,state/year/species,MI,2024,Cat,Seized,660
SAC 2024–2025,state/year/species,MI,2024,Cat,Other Intakes,6226
SAC 2024–2025,state/year/species,MI,2024,Cat,Transferred In,9874
SAC 2024–2025,state/year/species,MI,2024,Cat,Adoption,51380
SAC 2024–2025,state/year/species,MI,2024,Cat,Return to Owner,1865
SAC 2024–2025,state/year/species,MI,2024,Cat,Return to Field,3800
SAC 2024–2025,state/year/species,MI,2024,Cat,Other Live Outcomes,2647
SAC 2024–2025,state/year/species,MI,2024,Cat,Transferred Out,5473
SAC 2024–2025,state/year/species,MI,2024,Cat,Shelter Euthanasia,4714
SAC 2024–2025,state/year/species,MI,2024,Cat,Died in Care,1980
SAC 2024–2025,state/year/species,MI,2024,Cat,Lost in Care,104
SAC 2024–2025,state/year/species,MI,2025,Cat,Gross Intakes,75570
SAC 2024–2025,state/year/species,MI,2025,Cat,Community Intakes,65913
SAC 2024–2025,state/year/species,MI,2025,Cat,Gross Outcomes,72649
SAC 2024–2025,state/year/species,MI,2025,Cat,Stray at Large,35409
SAC 2024–2025,state/year/species,MI,2025,Cat,Relinquished by Owner,24455
SAC 2024–2025,state/year/species,MI,2025,Cat,Seized,685
SAC 2024–2025,state/year/species,MI,2025,Cat,Other Intakes,5364
SAC 2024–2025,state/year/species,MI,2025,Cat,Transferred In,9658
SAC 2024–2025,state/year/species,MI,2025,Cat,Adoption,53190
SAC 2024–2025,state/year/species,MI,2025,Cat,Return to Owner,1989
SAC 2024–2025,state/year/species,MI,2025,Cat,Return to Field,3632
SAC 2024–2025,state/year/species,MI,2025,Cat,Other Live Outcomes,1763
SAC 2024–2025,state/year/species,MI,2025,Cat,Transferred Out,5113
SAC 2024–2025,state/year/species,MI,2025,Cat,Shelter Euthanasia,4850
SAC 2024–2025,state/year/species,MI,2025,Cat,Died in Care,1787
SAC 2024–2025,state/year/species,MI,2025,Cat,Lost in Care,325
SAC 2024–2025,state/year/species,MN,2024,Cat,Gross Intakes,72850
SAC 2024–2025,state/year/species,MN,2024,Cat,Community Intakes,60868
SAC 2024–2025,state/year/species,MN,2024,Cat,Gross Outcomes,71603
SAC 2024–2025,state/year/species,MN,2024,Cat,Stray at Large,32562
SAC 2024–2025,state/year/species,MN,2024,Cat,Relinquished by Owner,22044
SAC 2024–2025,state/year/species,MN,2024,Cat,Seized,1753
SAC 2024–2025,state/year/species,MN,2024,Cat,Other Intakes,4508
SAC 2024–2025,state/year/species,MN,2024,Cat,Transferred In,11982
SAC 2024–2025,state/year/species,MN,2024,Cat,Adoption,50265
SAC 2024–2025,state/year/species,MN,2024,Cat,Return to Owner,1982
SAC 2024–2025,state/year/species,MN,2024,Cat,Return to Field,4665
SAC 2024–2025,state/year/species,MN,2024,Cat,Other Live Outcomes,907
SAC 2024–2025,state/year/species,MN,2024,Cat,Transferred Out,6728
SAC 2024–2025,state/year/species,MN,2024,Cat,Shelter Euthanasia,5121
SAC 2024–2025,state/year/species,MN,2024,Cat,Died in Care,1810
SAC 2024–2025,state/year/species,MN,2024,Cat,Lost in Care,125
SAC 2024–2025,state/year/species,MN,2025,Cat,Gross Intakes,78413
SAC 2024–2025,state/year/species,MN,2025,Cat,Community Intakes,65025
SAC 2024–2025,state/year/species,MN,2025,Cat,Gross Outcomes,79077
SAC 2024–2025,state/year/species,MN,2025,Cat,Stray at Large,33840
SAC 2024–2025,state/year/species,MN,2025,Cat,Relinquished by Owner,25030
SAC 2024–2025,state/year/species,MN,2025,Cat,Seized,1786
SAC 2024–2025,state/year/species,MN,2025,Cat,Other Intakes,4369
SAC 2024–2025,state/year/species,MN,2025,Cat,Transferred In,13388
SAC 2024–2025,state/year/species,MN,2025,Cat,Adoption,55179
SAC 2024–2025,state/year/species,MN,2025,Cat,Return to Owner,2324
SAC 2024–2025,state/year/species,MN,2025,Cat,Return to Field,4329
SAC 2024–2025,state/year/species,MN,2025,Cat,Other Live Outcomes,961
SAC 2024–2025,state/year/species,MN,2025,Cat,Transferred Out,8913
SAC 2024–2025,state/year/species,MN,2025,Cat,Shelter Euthanasia,5192
SAC 2024–2025,state/year/species,MN,2025,Cat,Died in Care,1923
SAC 2024–2025,state/year/species,MN,2025,Cat,Lost in Care,255
SAC 2024–2025,state/year/species,MO,2024,Cat,Gross Intakes,92863
SAC 2024–2025,state/year/species,MO,2024,Cat,Community Intakes,81687
SAC 2024–2025,state/year/species,MO,2024,Cat,Gross Outcomes,89992
SAC 2024–2025,state/year/species,MO,2024,Cat,Stray at Large,48732
SAC 2024–2025,state/year/species,MO,2024,Cat,Relinquished by Owner,23206
SAC 2024–2025,state/year/species,MO,2024,Cat,Seized,2400
SAC 2024–2025,state/year/species,MO,2024,Cat,Other Intakes,7348
SAC 2024–2025,state/year/species,MO,2024,Cat,Transferred In,11176
SAC 2024–2025,state/year/species,MO,2024,Cat,Adoption,56521
SAC 2024–2025,state/year/species,MO,2024,Cat,Return to Owner,3513
SAC 2024–2025,state/year/species,MO,2024,Cat,Return to Field,8233
SAC 2024–2025,state/year/species,MO,2024,Cat,Other Live Outcomes,1500
SAC 2024–2025,state/year/species,MO,2024,Cat,Transferred Out,9682
SAC 2024–2025,state/year/species,MO,2024,Cat,Shelter Euthanasia,7739
SAC 2024–2025,state/year/species,MO,2024,Cat,Died in Care,2546
SAC 2024–2025,state/year/species,MO,2024,Cat,Lost in Care,257
SAC 2024–2025,state/year/species,MO,2025,Cat,Gross Intakes,91215
SAC 2024–2025,state/year/species,MO,2025,Cat,Community Intakes,80313
SAC 2024–2025,state/year/species,MO,2025,Cat,Gross Outcomes,90208
SAC 2024–2025,state/year/species,MO,2025,Cat,Stray at Large,46676
SAC 2024–2025,state/year/species,MO,2025,Cat,Relinquished by Owner,24538
SAC 2024–2025,state/year/species,MO,2025,Cat,Seized,2272
SAC 2024–2025,state/year/species,MO,2025,Cat,Other Intakes,6827
SAC 2024–2025,state/year/species,MO,2025,Cat,Transferred In,10901
SAC 2024–2025,state/year/species,MO,2025,Cat,Adoption,57569
SAC 2024–2025,state/year/species,MO,2025,Cat,Return to Owner,3223
SAC 2024–2025,state/year/species,MO,2025,Cat,Return to Field,7815
SAC 2024–2025,state/year/species,MO,2025,Cat,Other Live Outcomes,1412
SAC 2024–2025,state/year/species,MO,2025,Cat,Transferred Out,9404
SAC 2024–2025,state/year/species,MO,2025,Cat,Shelter Euthanasia,7911
SAC 2024–2025,state/year/species,MO,2025,Cat,Died in Care,2540
SAC 2024–2025,state/year/species,MO,2025,Cat,Lost in Care,334
SAC 2024–2025,state/year/species,MS,2024,Cat,Gross Intakes,27529
SAC 2024–2025,state/year/species,MS,2024,Cat,Community Intakes,24218
SAC 2024–2025,state/year/species,MS,2024,Cat,Gross Outcomes,26077
SAC 2024–2025,state/year/species,MS,2024,Cat,Stray at Large,15041
SAC 2024–2025,state/year/species,MS,2024,Cat,Relinquished by Owner,6795
SAC 2024–2025,state/year/species,MS,2024,Cat,Seized,716
SAC 2024–2025,state/year/species,MS,2024,Cat,Other Intakes,1665
SAC 2024–2025,state/year/species,MS,2024,Cat,Transferred In,3311
SAC 2024–2025,state/year/species,MS,2024,Cat,Adoption,15694
SAC 2024–2025,state/year/species,MS,2024,Cat,Return to Owner,685
SAC 2024–2025,state/year/species,MS,2024,Cat,Return to Field,2523
SAC 2024–2025,state/year/species,MS,2024,Cat,Other Live Outcomes,478
SAC 2024–2025,state/year/species,MS,2024,Cat,Transferred Out,3772
SAC 2024–2025,state/year/species,MS,2024,Cat,Shelter Euthanasia,2008
SAC 2024–2025,state/year/species,MS,2024,Cat,Died in Care,824
SAC 2024–2025,state/year/species,MS,2024,Cat,Lost in Care,92
SAC 2024–2025,state/year/species,MS,2025,Cat,Gross Intakes,27704
SAC 2024–2025,state/year/species,MS,2025,Cat,Community Intakes,23944
SAC 2024–2025,state/year/species,MS,2025,Cat,Gross Outcomes,26803
SAC 2024–2025,state/year/species,MS,2025,Cat,Stray at Large,14572
SAC 2024–2025,state/year/species,MS,2025,Cat,Relinquished by Owner,6939
SAC 2024–2025,state/year/species,MS,2025,Cat,Seized,564
SAC 2024–2025,state/year/species,MS,2025,Cat,Other Intakes,1869
SAC 2024–2025,state/year/species,MS,2025,Cat,Transferred In,3760
SAC 2024–2025,state/year/species,MS,2025,Cat,Adoption,16211
SAC 2024–2025,state/year/species,MS,2025,Cat,Return to Owner,817
SAC 2024–2025,state/year/species,MS,2025,Cat,Return to Field,1847
SAC 2024–2025,state/year/species,MS,2025,Cat,Other Live Outcomes,970
SAC 2024–2025,state/year/species,MS,2025,Cat,Transferred Out,3587
SAC 2024–2025,state/year/species,MS,2025,Cat,Shelter Euthanasia,2199
SAC 2024–2025,state/year/species,MS,2025,Cat,Died in Care,960
SAC 2024–2025,state/year/species,MS,2025,Cat,Lost in Care,214
SAC 2024–2025,state/year/species,MT,2024,Cat,Gross Intakes,17307
SAC 2024–2025,state/year/species,MT,2024,Cat,Community Intakes,15916
SAC 2024–2025,state/year/species,MT,2024,Cat,Gross Outcomes,17191
SAC 2024–2025,state/year/species,MT,2024,Cat,Stray at Large,7871
SAC 2024–2025,state/year/species,MT,2024,Cat,Relinquished by Owner,5461
SAC 2024–2025,state/year/species,MT,2024,Cat,Seized,120
SAC 2024–2025,state/year/species,MT,2024,Cat,Other Intakes,2464
SAC 2024–2025,state/year/species,MT,2024,Cat,Transferred In,1391
SAC 2024–2025,state/year/species,MT,2024,Cat,Adoption,11600
SAC 2024–2025,state/year/species,MT,2024,Cat,Return to Owner,788
SAC 2024–2025,state/year/species,MT,2024,Cat,Return to Field,619
SAC 2024–2025,state/year/species,MT,2024,Cat,Other Live Outcomes,2104
SAC 2024–2025,state/year/species,MT,2024,Cat,Transferred Out,980
SAC 2024–2025,state/year/species,MT,2024,Cat,Shelter Euthanasia,759
SAC 2024–2025,state/year/species,MT,2024,Cat,Died in Care,302
SAC 2024–2025,state/year/species,MT,2024,Cat,Lost in Care,39
SAC 2024–2025,state/year/species,MT,2025,Cat,Gross Intakes,16872
SAC 2024–2025,state/year/species,MT,2025,Cat,Community Intakes,15362
SAC 2024–2025,state/year/species,MT,2025,Cat,Gross Outcomes,16605
SAC 2024–2025,state/year/species,MT,2025,Cat,Stray at Large,7125
SAC 2024–2025,state/year/species,MT,2025,Cat,Relinquished by Owner,5530
SAC 2024–2025,state/year/species,MT,2025,Cat,Seized,194
SAC 2024–2025,state/year/species,MT,2025,Cat,Other Intakes,2514
SAC 2024–2025,state/year/species,MT,2025,Cat,Transferred In,1509
SAC 2024–2025,state/year/species,MT,2025,Cat,Adoption,11288
SAC 2024–2025,state/year/species,MT,2025,Cat,Return to Owner,756
SAC 2024–2025,state/year/species,MT,2025,Cat,Return to Field,825
SAC 2024–2025,state/year/species,MT,2025,Cat,Other Live Outcomes,1660
SAC 2024–2025,state/year/species,MT,2025,Cat,Transferred Out,981
SAC 2024–2025,state/year/species,MT,2025,Cat,Shelter Euthanasia,737
SAC 2024–2025,state/year/species,MT,2025,Cat,Died in Care,323
SAC 2024–2025,state/year/species,MT,2025,Cat,Lost in Care,34
SAC 2024–2025,state/year/species,NC,2024,Cat,Gross Intakes,103551
SAC 2024–2025,state/year/species,NC,2024,Cat,Community Intakes,87934
SAC 2024–2025,state/year/species,NC,2024,Cat,Gross Outcomes,99893
SAC 2024–2025,state/year/species,NC,2024,Cat,Stray at Large,55641
SAC 2024–2025,state/year/species,NC,2024,Cat,Relinquished by Owner,23753
SAC 2024–2025,state/year/species,NC,2024,Cat,Seized,1997
SAC 2024–2025,state/year/species,NC,2024,Cat,Other Intakes,6542
SAC 2024–2025,state/year/species,NC,2024,Cat,Transferred In,15617
SAC 2024–2025,state/year/species,NC,2024,Cat,Adoption,65761
SAC 2024–2025,state/year/species,NC,2024,Cat,Return to Owner,2457
SAC 2024–2025,state/year/species,NC,2024,Cat,Return to Field,4756
SAC 2024–2025,state/year/species,NC,2024,Cat,Other Live Outcomes,1935
SAC 2024–2025,state/year/species,NC,2024,Cat,Transferred Out,11758
SAC 2024–2025,state/year/species,NC,2024,Cat,Shelter Euthanasia,10056
SAC 2024–2025,state/year/species,NC,2024,Cat,Died in Care,2873
SAC 2024–2025,state/year/species,NC,2024,Cat,Lost in Care,298
SAC 2024–2025,state/year/species,NC,2025,Cat,Gross Intakes,105139
SAC 2024–2025,state/year/species,NC,2025,Cat,Community Intakes,88340
SAC 2024–2025,state/year/species,NC,2025,Cat,Gross Outcomes,104801
SAC 2024–2025,state/year/species,NC,2025,Cat,Stray at Large,54591
SAC 2024–2025,state/year/species,NC,2025,Cat,Relinquished by Owner,25472
SAC 2024–2025,state/year/species,NC,2025,Cat,Seized,1975
SAC 2024–2025,state/year/species,NC,2025,Cat,Other Intakes,6301
SAC 2024–2025,state/year/species,NC,2025,Cat,Transferred In,16799
SAC 2024–2025,state/year/species,NC,2025,Cat,Adoption,69852
SAC 2024–2025,state/year/species,NC,2025,Cat,Return to Owner,2491
SAC 2024–2025,state/year/species,NC,2025,Cat,Return to Field,4446
SAC 2024–2025,state/year/species,NC,2025,Cat,Other Live Outcomes,2038
SAC 2024–2025,state/year/species,NC,2025,Cat,Transferred Out,11621
SAC 2024–2025,state/year/species,NC,2025,Cat,Shelter Euthanasia,10652
SAC 2024–2025,state/year/species,NC,2025,Cat,Died in Care,3145
SAC 2024–2025,state/year/species,NC,2025,Cat,Lost in Care,556
SAC 2024–2025,state/year/species,ND,2024,Cat,Gross Intakes,9258
SAC 2024–2025,state/year/species,ND,2024,Cat,Community Intakes,7911
SAC 2024–2025,state/year/species,ND,2024,Cat,Gross Outcomes,9055
SAC 2024–2025,state/year/species,ND,2024,Cat,Stray at Large,5017
SAC 2024–2025,state/year/species,ND,2024,Cat,Relinquished by Owner,1988
SAC 2024–2025,state/year/species,ND,2024,Cat,Seized,141
SAC 2024–2025,state/year/species,ND,2024,Cat,Other Intakes,766
SAC 2024–2025,state/year/species,ND,2024,Cat,Transferred In,1346
SAC 2024–2025,state/year/species,ND,2024,Cat,Adoption,6168
SAC 2024–2025,state/year/species,ND,2024,Cat,Return to Owner,351
SAC 2024–2025,state/year/species,ND,2024,Cat,Return to Field,604
SAC 2024–2025,state/year/species,ND,2024,Cat,Other Live Outcomes,142
SAC 2024–2025,state/year/species,ND,2024,Cat,Transferred Out,920
SAC 2024–2025,state/year/species,ND,2024,Cat,Shelter Euthanasia,637
SAC 2024–2025,state/year/species,ND,2024,Cat,Died in Care,212
SAC 2024–2025,state/year/species,ND,2024,Cat,Lost in Care,21
SAC 2024–2025,state/year/species,ND,2025,Cat,Gross Intakes,10420
SAC 2024–2025,state/year/species,ND,2025,Cat,Community Intakes,8996
SAC 2024–2025,state/year/species,ND,2025,Cat,Gross Outcomes,10105
SAC 2024–2025,state/year/species,ND,2025,Cat,Stray at Large,5481
SAC 2024–2025,state/year/species,ND,2025,Cat,Relinquished by Owner,2300
SAC 2024–2025,state/year/species,ND,2025,Cat,Seized,167
SAC 2024–2025,state/year/species,ND,2025,Cat,Other Intakes,1047
SAC 2024–2025,state/year/species,ND,2025,Cat,Transferred In,1424
SAC 2024–2025,state/year/species,ND,2025,Cat,Adoption,6919
SAC 2024–2025,state/year/species,ND,2025,Cat,Return to Owner,369
SAC 2024–2025,state/year/species,ND,2025,Cat,Return to Field,631
SAC 2024–2025,state/year/species,ND,2025,Cat,Other Live Outcomes,143
SAC 2024–2025,state/year/species,ND,2025,Cat,Transferred Out,1000
SAC 2024–2025,state/year/species,ND,2025,Cat,Shelter Euthanasia,736
SAC 2024–2025,state/year/species,ND,2025,Cat,Died in Care,264
SAC 2024–2025,state/year/species,ND,2025,Cat,Lost in Care,43
SAC 2024–2025,state/year/species,NE,2024,Cat,Gross Intakes,31486
SAC 2024–2025,state/year/species,NE,2024,Cat,Community Intakes,28431
SAC 2024–2025,state/year/species,NE,2024,Cat,Gross Outcomes,30437
SAC 2024–2025,state/year/species,NE,2024,Cat,Stray at Large,18832
SAC 2024–2025,state/year/species,NE,2024,Cat,Relinquished by Owner,7064
SAC 2024–2025,state/year/species,NE,2024,Cat,Seized,727
SAC 2024–2025,state/year/species,NE,2024,Cat,Other Intakes,1808
SAC 2024–2025,state/year/species,NE,2024,Cat,Transferred In,3055
SAC 2024–2025,state/year/species,NE,2024,Cat,Adoption,19555
SAC 2024–2025,state/year/species,NE,2024,Cat,Return to Owner,1169
SAC 2024–2025,state/year/species,NE,2024,Cat,Return to Field,2503
SAC 2024–2025,state/year/species,NE,2024,Cat,Other Live Outcomes,422
SAC 2024–2025,state/year/species,NE,2024,Cat,Transferred Out,2838
SAC 2024–2025,state/year/species,NE,2024,Cat,Shelter Euthanasia,3103
SAC 2024–2025,state/year/species,NE,2024,Cat,Died in Care,779
SAC 2024–2025,state/year/species,NE,2024,Cat,Lost in Care,69
SAC 2024–2025,state/year/species,NE,2025,Cat,Gross Intakes,31696
SAC 2024–2025,state/year/species,NE,2025,Cat,Community Intakes,28783
SAC 2024–2025,state/year/species,NE,2025,Cat,Gross Outcomes,30776
SAC 2024–2025,state/year/species,NE,2025,Cat,Stray at Large,18927
SAC 2024–2025,state/year/species,NE,2025,Cat,Relinquished by Owner,7297
SAC 2024–2025,state/year/species,NE,2025,Cat,Seized,742
SAC 2024–2025,state/year/species,NE,2025,Cat,Other Intakes,1817
SAC 2024–2025,state/year/species,NE,2025,Cat,Transferred In,2914
SAC 2024–2025,state/year/species,NE,2025,Cat,Adoption,19761
SAC 2024–2025,state/year/species,NE,2025,Cat,Return to Owner,1253
SAC 2024–2025,state/year/species,NE,2025,Cat,Return to Field,2706
SAC 2024–2025,state/year/species,NE,2025,Cat,Other Live Outcomes,408
SAC 2024–2025,state/year/species,NE,2025,Cat,Transferred Out,2835
SAC 2024–2025,state/year/species,NE,2025,Cat,Shelter Euthanasia,2913
SAC 2024–2025,state/year/species,NE,2025,Cat,Died in Care,819
SAC 2024–2025,state/year/species,NE,2025,Cat,Lost in Care,80
SAC 2024–2025,state/year/species,NH,2024,Cat,Gross Intakes,14422
SAC 2024–2025,state/year/species,NH,2024,Cat,Community Intakes,10476
SAC 2024–2025,state/year/species,NH,2024,Cat,Gross Outcomes,14548
SAC 2024–2025,state/year/species,NH,2024,Cat,Stray at Large,4318
SAC 2024–2025,state/year/species,NH,2024,Cat,Relinquished by Owner,5193
SAC 2024–2025,state/year/species,NH,2024,Cat,Seized,132
SAC 2024–2025,state/year/species,NH,2024,Cat,Other Intakes,834
SAC 2024–2025,state/year/species,NH,2024,Cat,Transferred In,3946
SAC 2024–2025,state/year/species,NH,2024,Cat,Adoption,12120
SAC 2024–2025,state/year/species,NH,2024,Cat,Return to Owner,469
SAC 2024–2025,state/year/species,NH,2024,Cat,Return to Field,324
SAC 2024–2025,state/year/species,NH,2024,Cat,Other Live Outcomes,80
SAC 2024–2025,state/year/species,NH,2024,Cat,Transferred Out,855
SAC 2024–2025,state/year/species,NH,2024,Cat,Shelter Euthanasia,353
SAC 2024–2025,state/year/species,NH,2024,Cat,Died in Care,339
SAC 2024–2025,state/year/species,NH,2024,Cat,Lost in Care,8
SAC 2024–2025,state/year/species,NH,2025,Cat,Gross Intakes,13571
SAC 2024–2025,state/year/species,NH,2025,Cat,Community Intakes,9541
SAC 2024–2025,state/year/species,NH,2025,Cat,Gross Outcomes,13609
SAC 2024–2025,state/year/species,NH,2025,Cat,Stray at Large,3761
SAC 2024–2025,state/year/species,NH,2025,Cat,Relinquished by Owner,4700
SAC 2024–2025,state/year/species,NH,2025,Cat,Seized,97
SAC 2024–2025,state/year/species,NH,2025,Cat,Other Intakes,983
SAC 2024–2025,state/year/species,NH,2025,Cat,Transferred In,4030
SAC 2024–2025,state/year/species,NH,2025,Cat,Adoption,11299
SAC 2024–2025,state/year/species,NH,2025,Cat,Return to Owner,610
SAC 2024–2025,state/year/species,NH,2025,Cat,Return to Field,296
SAC 2024–2025,state/year/species,NH,2025,Cat,Other Live Outcomes,67
SAC 2024–2025,state/year/species,NH,2025,Cat,Transferred Out,651
SAC 2024–2025,state/year/species,NH,2025,Cat,Shelter Euthanasia,301
SAC 2024–2025,state/year/species,NH,2025,Cat,Died in Care,288
SAC 2024–2025,state/year/species,NH,2025,Cat,Lost in Care,96
SAC 2024–2025,state/year/species,NJ,2024,Cat,Gross Intakes,68432
SAC 2024–2025,state/year/species,NJ,2024,Cat,Community Intakes,56261
SAC 2024–2025,state/year/species,NJ,2024,Cat,Gross Outcomes,66366
SAC 2024–2025,state/year/species,NJ,2024,Cat,Stray at Large,36958
SAC 2024–2025,state/year/species,NJ,2024,Cat,Relinquished by Owner,14780
SAC 2024–2025,state/year/species,NJ,2024,Cat,Seized,668
SAC 2024–2025,state/year/species,NJ,2024,Cat,Other Intakes,3855
SAC 2024–2025,state/year/species,NJ,2024,Cat,Transferred In,12171
SAC 2024–2025,state/year/species,NJ,2024,Cat,Adoption,45118
SAC 2024–2025,state/year/species,NJ,2024,Cat,Return to Owner,1692
SAC 2024–2025,state/year/species,NJ,2024,Cat,Return to Field,3762
SAC 2024–2025,state/year/species,NJ,2024,Cat,Other Live Outcomes,711
SAC 2024–2025,state/year/species,NJ,2024,Cat,Transferred Out,8477
SAC 2024–2025,state/year/species,NJ,2024,Cat,Shelter Euthanasia,4416
SAC 2024–2025,state/year/species,NJ,2024,Cat,Died in Care,2063
SAC 2024–2025,state/year/species,NJ,2024,Cat,Lost in Care,127
SAC 2024–2025,state/year/species,NJ,2025,Cat,Gross Intakes,62276
SAC 2024–2025,state/year/species,NJ,2025,Cat,Community Intakes,50961
SAC 2024–2025,state/year/species,NJ,2025,Cat,Gross Outcomes,61815
SAC 2024–2025,state/year/species,NJ,2025,Cat,Stray at Large,32685
SAC 2024–2025,state/year/species,NJ,2025,Cat,Relinquished by Owner,14079
SAC 2024–2025,state/year/species,NJ,2025,Cat,Seized,550
SAC 2024–2025,state/year/species,NJ,2025,Cat,Other Intakes,3647
SAC 2024–2025,state/year/species,NJ,2025,Cat,Transferred In,11315
SAC 2024–2025,state/year/species,NJ,2025,Cat,Adoption,42282
SAC 2024–2025,state/year/species,NJ,2025,Cat,Return to Owner,1599
SAC 2024–2025,state/year/species,NJ,2025,Cat,Return to Field,3274
SAC 2024–2025,state/year/species,NJ,2025,Cat,Other Live Outcomes,630
SAC 2024–2025,state/year/species,NJ,2025,Cat,Transferred Out,7700
SAC 2024–2025,state/year/species,NJ,2025,Cat,Shelter Euthanasia,3847
SAC 2024–2025,state/year/species,NJ,2025,Cat,Died in Care,2134
SAC 2024–2025,state/year/species,NJ,2025,Cat,Lost in Care,350
SAC 2024–2025,state/year/species,NM,2024,Cat,Gross Intakes,41551
SAC 2024–2025,state/year/species,NM,2024,Cat,Community Intakes,38049
SAC 2024–2025,state/year/species,NM,2024,Cat,Gross Outcomes,39374
SAC 2024–2025,state/year/species,NM,2024,Cat,Stray at Large,23327
SAC 2024–2025,state/year/species,NM,2024,Cat,Relinquished by Owner,10374
SAC 2024–2025,state/year/species,NM,2024,Cat,Seized,1556
SAC 2024–2025,state/year/species,NM,2024,Cat,Other Intakes,2792
SAC 2024–2025,state/year/species,NM,2024,Cat,Transferred In,3501
SAC 2024–2025,state/year/species,NM,2024,Cat,Adoption,21988
SAC 2024–2025,state/year/species,NM,2024,Cat,Return to Owner,1161
SAC 2024–2025,state/year/species,NM,2024,Cat,Return to Field,3965
SAC 2024–2025,state/year/species,NM,2024,Cat,Other Live Outcomes,1109
SAC 2024–2025,state/year/species,NM,2024,Cat,Transferred Out,4985
SAC 2024–2025,state/year/species,NM,2024,Cat,Shelter Euthanasia,4957
SAC 2024–2025,state/year/species,NM,2024,Cat,Died in Care,1120
SAC 2024–2025,state/year/species,NM,2024,Cat,Lost in Care,89
SAC 2024–2025,state/year/species,NM,2025,Cat,Gross Intakes,41349
SAC 2024–2025,state/year/species,NM,2025,Cat,Community Intakes,37421
SAC 2024–2025,state/year/species,NM,2025,Cat,Gross Outcomes,38726
SAC 2024–2025,state/year/species,NM,2025,Cat,Stray at Large,23119
SAC 2024–2025,state/year/species,NM,2025,Cat,Relinquished by Owner,10541
SAC 2024–2025,state/year/species,NM,2025,Cat,Seized,1625
SAC 2024–2025,state/year/species,NM,2025,Cat,Other Intakes,2137
SAC 2024–2025,state/year/species,NM,2025,Cat,Transferred In,3928
SAC 2024–2025,state/year/species,NM,2025,Cat,Adoption,22258
SAC 2024–2025,state/year/species,NM,2025,Cat,Return to Owner,1201
SAC 2024–2025,state/year/species,NM,2025,Cat,Return to Field,3714
SAC 2024–2025,state/year/species,NM,2025,Cat,Other Live Outcomes,424
SAC 2024–2025,state/year/species,NM,2025,Cat,Transferred Out,4978
SAC 2024–2025,state/year/species,NM,2025,Cat,Shelter Euthanasia,4375
SAC 2024–2025,state/year/species,NM,2025,Cat,Died in Care,1674
SAC 2024–2025,state/year/species,NM,2025,Cat,Lost in Care,103
SAC 2024–2025,state/year/species,NV,2024,Cat,Gross Intakes,36840
SAC 2024–2025,state/year/species,NV,2024,Cat,Community Intakes,33003
SAC 2024–2025,state/year/species,NV,2024,Cat,Gross Outcomes,35412
SAC 2024–2025,state/year/species,NV,2024,Cat,Stray at Large,21092
SAC 2024–2025,state/year/species,NV,2024,Cat,Relinquished by Owner,7735
SAC 2024–2025,state/year/species,NV,2024,Cat,Seized,1808
SAC 2024–2025,state/year/species,NV,2024,Cat,Other Intakes,2369
SAC 2024–2025,state/year/species,NV,2024,Cat,Transferred In,3837
SAC 2024–2025,state/year/species,NV,2024,Cat,Adoption,20778
SAC 2024–2025,state/year/species,NV,2024,Cat,Return to Owner,1441
SAC 2024–2025,state/year/species,NV,2024,Cat,Return to Field,3143
SAC 2024–2025,state/year/species,NV,2024,Cat,Other Live Outcomes,370
SAC 2024–2025,state/year/species,NV,2024,Cat,Transferred Out,5364
SAC 2024–2025,state/year/species,NV,2024,Cat,Shelter Euthanasia,3265
SAC 2024–2025,state/year/species,NV,2024,Cat,Died in Care,985
SAC 2024–2025,state/year/species,NV,2024,Cat,Lost in Care,67
SAC 2024–2025,state/year/species,NV,2025,Cat,Gross Intakes,37637
SAC 2024–2025,state/year/species,NV,2025,Cat,Community Intakes,32737
SAC 2024–2025,state/year/species,NV,2025,Cat,Gross Outcomes,37441
SAC 2024–2025,state/year/species,NV,2025,Cat,Stray at Large,20414
SAC 2024–2025,state/year/species,NV,2025,Cat,Relinquished by Owner,8712
SAC 2024–2025,state/year/species,NV,2025,Cat,Seized,1777
SAC 2024–2025,state/year/species,NV,2025,Cat,Other Intakes,1834
SAC 2024–2025,state/year/species,NV,2025,Cat,Transferred In,4900
SAC 2024–2025,state/year/species,NV,2025,Cat,Adoption,22985
SAC 2024–2025,state/year/species,NV,2025,Cat,Return to Owner,1387
SAC 2024–2025,state/year/species,NV,2025,Cat,Return to Field,3016
SAC 2024–2025,state/year/species,NV,2025,Cat,Other Live Outcomes,266
SAC 2024–2025,state/year/species,NV,2025,Cat,Transferred Out,5130
SAC 2024–2025,state/year/species,NV,2025,Cat,Shelter Euthanasia,3388
SAC 2024–2025,state/year/species,NV,2025,Cat,Died in Care,1133
SAC 2024–2025,state/year/species,NV,2025,Cat,Lost in Care,136
SAC 2024–2025,state/year/species,NY,2024,Cat,Gross Intakes,122713
SAC 2024–2025,state/year/species,NY,2024,Cat,Community Intakes,99551
SAC 2024–2025,state/year/species,NY,2024,Cat,Gross Outcomes,120952
SAC 2024–2025,state/year/species,NY,2024,Cat,Stray at Large,55240
SAC 2024–2025,state/year/species,NY,2024,Cat,Relinquished by Owner,35302
SAC 2024–2025,state/year/species,NY,2024,Cat,Seized,1382
SAC 2024–2025,state/year/species,NY,2024,Cat,Other Intakes,7626
SAC 2024–2025,state/year/species,NY,2024,Cat,Transferred In,23162
SAC 2024–2025,state/year/species,NY,2024,Cat,Adoption,88538
SAC 2024–2025,state/year/species,NY,2024,Cat,Return to Owner,3019
SAC 2024–2025,state/year/species,NY,2024,Cat,Return to Field,6149
SAC 2024–2025,state/year/species,NY,2024,Cat,Other Live Outcomes,1413
SAC 2024–2025,state/year/species,NY,2024,Cat,Transferred Out,12127
SAC 2024–2025,state/year/species,NY,2024,Cat,Shelter Euthanasia,6337
SAC 2024–2025,state/year/species,NY,2024,Cat,Died in Care,3220
SAC 2024–2025,state/year/species,NY,2024,Cat,Lost in Care,149
SAC 2024–2025,state/year/species,NY,2025,Cat,Gross Intakes,121342
SAC 2024–2025,state/year/species,NY,2025,Cat,Community Intakes,99383
SAC 2024–2025,state/year/species,NY,2025,Cat,Gross Outcomes,120866
SAC 2024–2025,state/year/species,NY,2025,Cat,Stray at Large,52597
SAC 2024–2025,state/year/species,NY,2025,Cat,Relinquished by Owner,36201
SAC 2024–2025,state/year/species,NY,2025,Cat,Seized,1229
SAC 2024–2025,state/year/species,NY,2025,Cat,Other Intakes,9356
SAC 2024–2025,state/year/species,NY,2025,Cat,Transferred In,21958
SAC 2024–2025,state/year/species,NY,2025,Cat,Adoption,87186
SAC 2024–2025,state/year/species,NY,2025,Cat,Return to Owner,3041
SAC 2024–2025,state/year/species,NY,2025,Cat,Return to Field,6562
SAC 2024–2025,state/year/species,NY,2025,Cat,Other Live Outcomes,1717
SAC 2024–2025,state/year/species,NY,2025,Cat,Transferred Out,12413
SAC 2024–2025,state/year/species,NY,2025,Cat,Shelter Euthanasia,6149
SAC 2024–2025,state/year/species,NY,2025,Cat,Died in Care,3172
SAC 2024–2025,state/year/species,NY,2025,Cat,Lost in Care,627
SAC 2024–2025,state/year/species,OH,2024,Cat,Gross Intakes,95504
SAC 2024–2025,state/year/species,OH,2024,Cat,Community Intakes,77120
SAC 2024–2025,state/year/species,OH,2024,Cat,Gross Outcomes,94143
SAC 2024–2025,state/year/species,OH,2024,Cat,Stray at Large,40261
SAC 2024–2025,state/year/species,OH,2024,Cat,Relinquished by Owner,28453
SAC 2024–2025,state/year/species,OH,2024,Cat,Seized,2250
SAC 2024–2025,state/year/species,OH,2024,Cat,Other Intakes,6156
SAC 2024–2025,state/year/species,OH,2024,Cat,Transferred In,18384
SAC 2024–2025,state/year/species,OH,2024,Cat,Adoption,75768
SAC 2024–2025,state/year/species,OH,2024,Cat,Return to Owner,1834
SAC 2024–2025,state/year/species,OH,2024,Cat,Return to Field,3094
SAC 2024–2025,state/year/species,OH,2024,Cat,Other Live Outcomes,1121
SAC 2024–2025,state/year/species,OH,2024,Cat,Transferred Out,4959
SAC 2024–2025,state/year/species,OH,2024,Cat,Shelter Euthanasia,4678
SAC 2024–2025,state/year/species,OH,2024,Cat,Died in Care,2541
SAC 2024–2025,state/year/species,OH,2024,Cat,Lost in Care,148
SAC 2024–2025,state/year/species,OH,2025,Cat,Gross Intakes,90977
SAC 2024–2025,state/year/species,OH,2025,Cat,Community Intakes,74026
SAC 2024–2025,state/year/species,OH,2025,Cat,Gross Outcomes,91595
SAC 2024–2025,state/year/species,OH,2025,Cat,Stray at Large,39804
SAC 2024–2025,state/year/species,OH,2025,Cat,Relinquished by Owner,27036
SAC 2024–2025,state/year/species,OH,2025,Cat,Seized,1998
SAC 2024–2025,state/year/species,OH,2025,Cat,Other Intakes,5187
SAC 2024–2025,state/year/species,OH,2025,Cat,Transferred In,16952
SAC 2024–2025,state/year/species,OH,2025,Cat,Adoption,73883
SAC 2024–2025,state/year/species,OH,2025,Cat,Return to Owner,1793
SAC 2024–2025,state/year/species,OH,2025,Cat,Return to Field,3013
SAC 2024–2025,state/year/species,OH,2025,Cat,Other Live Outcomes,684
SAC 2024–2025,state/year/species,OH,2025,Cat,Transferred Out,4473
SAC 2024–2025,state/year/species,OH,2025,Cat,Shelter Euthanasia,4916
SAC 2024–2025,state/year/species,OH,2025,Cat,Died in Care,2413
SAC 2024–2025,state/year/species,OH,2025,Cat,Lost in Care,419
SAC 2024–2025,state/year/species,OK,2024,Cat,Gross Intakes,55992
SAC 2024–2025,state/year/species,OK,2024,Cat,Community Intakes,49478
SAC 2024–2025,state/year/species,OK,2024,Cat,Gross Outcomes,55013
SAC 2024–2025,state/year/species,OK,2024,Cat,Stray at Large,32290
SAC 2024–2025,state/year/species,OK,2024,Cat,Relinquished by Owner,12017
SAC 2024–2025,state/year/species,OK,2024,Cat,Seized,1597
SAC 2024–2025,state/year/species,OK,2024,Cat,Other Intakes,3575
SAC 2024–2025,state/year/species,OK,2024,Cat,Transferred In,6514
SAC 2024–2025,state/year/species,OK,2024,Cat,Adoption,31339
SAC 2024–2025,state/year/species,OK,2024,Cat,Return to Owner,1412
SAC 2024–2025,state/year/species,OK,2024,Cat,Return to Field,5747
SAC 2024–2025,state/year/species,OK,2024,Cat,Other Live Outcomes,1701
SAC 2024–2025,state/year/species,OK,2024,Cat,Transferred Out,8011
SAC 2024–2025,state/year/species,OK,2024,Cat,Shelter Euthanasia,4779
SAC 2024–2025,state/year/species,OK,2024,Cat,Died in Care,1789
SAC 2024–2025,state/year/species,OK,2024,Cat,Lost in Care,236
SAC 2024–2025,state/year/species,OK,2025,Cat,Gross Intakes,53419
SAC 2024–2025,state/year/species,OK,2025,Cat,Community Intakes,47137
SAC 2024–2025,state/year/species,OK,2025,Cat,Gross Outcomes,53896
SAC 2024–2025,state/year/species,OK,2025,Cat,Stray at Large,30089
SAC 2024–2025,state/year/species,OK,2025,Cat,Relinquished by Owner,11903
SAC 2024–2025,state/year/species,OK,2025,Cat,Seized,1403
SAC 2024–2025,state/year/species,OK,2025,Cat,Other Intakes,3743
SAC 2024–2025,state/year/species,OK,2025,Cat,Transferred In,6282
SAC 2024–2025,state/year/species,OK,2025,Cat,Adoption,30817
SAC 2024–2025,state/year/species,OK,2025,Cat,Return to Owner,1331
SAC 2024–2025,state/year/species,OK,2025,Cat,Return to Field,5160
SAC 2024–2025,state/year/species,OK,2025,Cat,Other Live Outcomes,1481
SAC 2024–2025,state/year/species,OK,2025,Cat,Transferred Out,8235
SAC 2024–2025,state/year/species,OK,2025,Cat,Shelter Euthanasia,4862
SAC 2024–2025,state/year/species,OK,2025,Cat,Died in Care,1668
SAC 2024–2025,state/year/species,OK,2025,Cat,Lost in Care,342
SAC 2024–2025,state/year/species,OR,2024,Cat,Gross Intakes,48171
SAC 2024–2025,state/year/species,OR,2024,Cat,Community Intakes,37795
SAC 2024–2025,state/year/species,OR,2024,Cat,Gross Outcomes,47558
SAC 2024–2025,state/year/species,OR,2024,Cat,Stray at Large,19670
SAC 2024–2025,state/year/species,OR,2024,Cat,Relinquished by Owner,14906
SAC 2024–2025,state/year/species,OR,2024,Cat,Seized,428
SAC 2024–2025,state/year/species,OR,2024,Cat,Other Intakes,2792
SAC 2024–2025,state/year/species,OR,2024,Cat,Transferred In,10375
SAC 2024–2025,state/year/species,OR,2024,Cat,Adoption,35511
SAC 2024–2025,state/year/species,OR,2024,Cat,Return to Owner,1285
SAC 2024–2025,state/year/species,OR,2024,Cat,Return to Field,1862
SAC 2024–2025,state/year/species,OR,2024,Cat,Other Live Outcomes,604
SAC 2024–2025,state/year/species,OR,2024,Cat,Transferred Out,5077
SAC 2024–2025,state/year/species,OR,2024,Cat,Shelter Euthanasia,2143
SAC 2024–2025,state/year/species,OR,2024,Cat,Died in Care,1030
SAC 2024–2025,state/year/species,OR,2024,Cat,Lost in Care,47
SAC 2024–2025,state/year/species,OR,2025,Cat,Gross Intakes,50313
SAC 2024–2025,state/year/species,OR,2025,Cat,Community Intakes,39791
SAC 2024–2025,state/year/species,OR,2025,Cat,Gross Outcomes,48226
SAC 2024–2025,state/year/species,OR,2025,Cat,Stray at Large,19864
SAC 2024–2025,state/year/species,OR,2025,Cat,Relinquished by Owner,16388
SAC 2024–2025,state/year/species,OR,2025,Cat,Seized,575
SAC 2024–2025,state/year/species,OR,2025,Cat,Other Intakes,2964
SAC 2024–2025,state/year/species,OR,2025,Cat,Transferred In,10522
SAC 2024–2025,state/year/species,OR,2025,Cat,Adoption,36385
SAC 2024–2025,state/year/species,OR,2025,Cat,Return to Owner,1295
SAC 2024–2025,state/year/species,OR,2025,Cat,Return to Field,1577
SAC 2024–2025,state/year/species,OR,2025,Cat,Other Live Outcomes,635
SAC 2024–2025,state/year/species,OR,2025,Cat,Transferred Out,4901
SAC 2024–2025,state/year/species,OR,2025,Cat,Shelter Euthanasia,2262
SAC 2024–2025,state/year/species,OR,2025,Cat,Died in Care,1027
SAC 2024–2025,state/year/species,OR,2025,Cat,Lost in Care,143
SAC 2024–2025,state/year/species,PA,2024,Cat,Gross Intakes,103062
SAC 2024–2025,state/year/species,PA,2024,Cat,Community Intakes,84540
SAC 2024–2025,state/year/species,PA,2024,Cat,Gross Outcomes,99972
SAC 2024–2025,state/year/species,PA,2024,Cat,Stray at Large,50620
SAC 2024–2025,state/year/species,PA,2024,Cat,Relinquished by Owner,26555
SAC 2024–2025,state/year/species,PA,2024,Cat,Seized,1990
SAC 2024–2025,state/year/species,PA,2024,Cat,Other Intakes,5375
SAC 2024–2025,state/year/species,PA,2024,Cat,Transferred In,18522
SAC 2024–2025,state/year/species,PA,2024,Cat,Adoption,71426
SAC 2024–2025,state/year/species,PA,2024,Cat,Return to Owner,2110
SAC 2024–2025,state/year/species,PA,2024,Cat,Return to Field,8198
SAC 2024–2025,state/year/species,PA,2024,Cat,Other Live Outcomes,923
SAC 2024–2025,state/year/species,PA,2024,Cat,Transferred Out,8794
SAC 2024–2025,state/year/species,PA,2024,Cat,Shelter Euthanasia,5803
SAC 2024–2025,state/year/species,PA,2024,Cat,Died in Care,2617
SAC 2024–2025,state/year/species,PA,2024,Cat,Lost in Care,100
SAC 2024–2025,state/year/species,PA,2025,Cat,Gross Intakes,106670
SAC 2024–2025,state/year/species,PA,2025,Cat,Community Intakes,88454
SAC 2024–2025,state/year/species,PA,2025,Cat,Gross Outcomes,104655
SAC 2024–2025,state/year/species,PA,2025,Cat,Stray at Large,52800
SAC 2024–2025,state/year/species,PA,2025,Cat,Relinquished by Owner,28653
SAC 2024–2025,state/year/species,PA,2025,Cat,Seized,1458
SAC 2024–2025,state/year/species,PA,2025,Cat,Other Intakes,5543
SAC 2024–2025,state/year/species,PA,2025,Cat,Transferred In,18216
SAC 2024–2025,state/year/species,PA,2025,Cat,Adoption,73343
SAC 2024–2025,state/year/species,PA,2025,Cat,Return to Owner,2342
SAC 2024–2025,state/year/species,PA,2025,Cat,Return to Field,9304
SAC 2024–2025,state/year/species,PA,2025,Cat,Other Live Outcomes,1032
SAC 2024–2025,state/year/species,PA,2025,Cat,Transferred Out,9094
SAC 2024–2025,state/year/species,PA,2025,Cat,Shelter Euthanasia,5837
SAC 2024–2025,state/year/species,PA,2025,Cat,Died in Care,3328
SAC 2024–2025,state/year/species,PA,2025,Cat,Lost in Care,375
SAC 2024–2025,state/year/species,PR,2024,Cat,Gross Intakes,2007
SAC 2024–2025,state/year/species,PR,2024,Cat,Community Intakes,1967
SAC 2024–2025,state/year/species,PR,2024,Cat,Gross Outcomes,1878
SAC 2024–2025,state/year/species,PR,2024,Cat,Stray at Large,1161
SAC 2024–2025,state/year/species,PR,2024,Cat,Relinquished by Owner,689
SAC 2024–2025,state/year/species,PR,2024,Cat,Seized,62
SAC 2024–2025,state/year/species,PR,2024,Cat,Other Intakes,54
SAC 2024–2025,state/year/species,PR,2024,Cat,Transferred In,40
SAC 2024–2025,state/year/species,PR,2024,Cat,Adoption,1163
SAC 2024–2025,state/year/species,PR,2024,Cat,Return to Owner,71
SAC 2024–2025,state/year/species,PR,2024,Cat,Return to Field,93
SAC 2024–2025,state/year/species,PR,2024,Cat,Other Live Outcomes,41
SAC 2024–2025,state/year/species,PR,2024,Cat,Transferred Out,155
SAC 2024–2025,state/year/species,PR,2024,Cat,Shelter Euthanasia,208
SAC 2024–2025,state/year/species,PR,2024,Cat,Died in Care,141
SAC 2024–2025,state/year/species,PR,2024,Cat,Lost in Care,7
SAC 2024–2025,state/year/species,PR,2025,Cat,Gross Intakes,1819
SAC 2024–2025,state/year/species,PR,2025,Cat,Community Intakes,1768
SAC 2024–2025,state/year/species,PR,2025,Cat,Gross Outcomes,1463
SAC 2024–2025,state/year/species,PR,2025,Cat,Stray at Large,1025
SAC 2024–2025,state/year/species,PR,2025,Cat,Relinquished by Owner,662
SAC 2024–2025,state/year/species,PR,2025,Cat,Seized,1
SAC 2024–2025,state/year/species,PR,2025,Cat,Other Intakes,80
SAC 2024–2025,state/year/species,PR,2025,Cat,Transferred In,51
SAC 2024–2025,state/year/species,PR,2025,Cat,Adoption,1026
SAC 2024–2025,state/year/species,PR,2025,Cat,Return to Owner,51
SAC 2024–2025,state/year/species,PR,2025,Cat,Return to Field,18
SAC 2024–2025,state/year/species,PR,2025,Cat,Other Live Outcomes,42
SAC 2024–2025,state/year/species,PR,2025,Cat,Transferred Out,86
SAC 2024–2025,state/year/species,PR,2025,Cat,Shelter Euthanasia,127
SAC 2024–2025,state/year/species,PR,2025,Cat,Died in Care,105
SAC 2024–2025,state/year/species,PR,2025,Cat,Lost in Care,8
SAC 2024–2025,state/year/species,RI,2024,Cat,Gross Intakes,10330
SAC 2024–2025,state/year/species,RI,2024,Cat,Community Intakes,8512
SAC 2024–2025,state/year/species,RI,2024,Cat,Gross Outcomes,10234
SAC 2024–2025,state/year/species,RI,2024,Cat,Stray at Large,4128
SAC 2024–2025,state/year/species,RI,2024,Cat,Relinquished by Owner,2387
SAC 2024–2025,state/year/species,RI,2024,Cat,Seized,186
SAC 2024–2025,state/year/species,RI,2024,Cat,Other Intakes,1811
SAC 2024–2025,state/year/species,RI,2024,Cat,Transferred In,1817
SAC 2024–2025,state/year/species,RI,2024,Cat,Adoption,6409
SAC 2024–2025,state/year/species,RI,2024,Cat,Return to Owner,299
SAC 2024–2025,state/year/species,RI,2024,Cat,Return to Field,979
SAC 2024–2025,state/year/species,RI,2024,Cat,Other Live Outcomes,564
SAC 2024–2025,state/year/species,RI,2024,Cat,Transferred Out,1120
SAC 2024–2025,state/year/species,RI,2024,Cat,Shelter Euthanasia,594
SAC 2024–2025,state/year/species,RI,2024,Cat,Died in Care,250
SAC 2024–2025,state/year/species,RI,2024,Cat,Lost in Care,20
SAC 2024–2025,state/year/species,RI,2025,Cat,Gross Intakes,9025
SAC 2024–2025,state/year/species,RI,2025,Cat,Community Intakes,7483
SAC 2024–2025,state/year/species,RI,2025,Cat,Gross Outcomes,9274
SAC 2024–2025,state/year/species,RI,2025,Cat,Stray at Large,3699
SAC 2024–2025,state/year/species,RI,2025,Cat,Relinquished by Owner,2161
SAC 2024–2025,state/year/species,RI,2025,Cat,Seized,114
SAC 2024–2025,state/year/species,RI,2025,Cat,Other Intakes,1508
SAC 2024–2025,state/year/species,RI,2025,Cat,Transferred In,1542
SAC 2024–2025,state/year/species,RI,2025,Cat,Adoption,5950
SAC 2024–2025,state/year/species,RI,2025,Cat,Return to Owner,343
SAC 2024–2025,state/year/species,RI,2025,Cat,Return to Field,997
SAC 2024–2025,state/year/species,RI,2025,Cat,Other Live Outcomes,304
SAC 2024–2025,state/year/species,RI,2025,Cat,Transferred Out,781
SAC 2024–2025,state/year/species,RI,2025,Cat,Shelter Euthanasia,624
SAC 2024–2025,state/year/species,RI,2025,Cat,Died in Care,244
SAC 2024–2025,state/year/species,RI,2025,Cat,Lost in Care,31
SAC 2024–2025,state/year/species,SC,2024,Cat,Gross Intakes,56079
SAC 2024–2025,state/year/species,SC,2024,Cat,Community Intakes,50018
SAC 2024–2025,state/year/species,SC,2024,Cat,Gross Outcomes,54475
SAC 2024–2025,state/year/species,SC,2024,Cat,Stray at Large,30670
SAC 2024–2025,state/year/species,SC,2024,Cat,Relinquished by Owner,14848
SAC 2024–2025,state/year/species,SC,2024,Cat,Seized,446
SAC 2024–2025,state/year/species,SC,2024,Cat,Other Intakes,4054
SAC 2024–2025,state/year/species,SC,2024,Cat,Transferred In,6061
SAC 2024–2025,state/year/species,SC,2024,Cat,Adoption,32613
SAC 2024–2025,state/year/species,SC,2024,Cat,Return to Owner,1406
SAC 2024–2025,state/year/species,SC,2024,Cat,Return to Field,7059
SAC 2024–2025,state/year/species,SC,2024,Cat,Other Live Outcomes,785
SAC 2024–2025,state/year/species,SC,2024,Cat,Transferred Out,7474
SAC 2024–2025,state/year/species,SC,2024,Cat,Shelter Euthanasia,3176
SAC 2024–2025,state/year/species,SC,2024,Cat,Died in Care,1777
SAC 2024–2025,state/year/species,SC,2024,Cat,Lost in Care,185
SAC 2024–2025,state/year/species,SC,2025,Cat,Gross Intakes,64733
SAC 2024–2025,state/year/species,SC,2025,Cat,Community Intakes,56815
SAC 2024–2025,state/year/species,SC,2025,Cat,Gross Outcomes,63436
SAC 2024–2025,state/year/species,SC,2025,Cat,Stray at Large,34760
SAC 2024–2025,state/year/species,SC,2025,Cat,Relinquished by Owner,16404
SAC 2024–2025,state/year/species,SC,2025,Cat,Seized,448
SAC 2024–2025,state/year/species,SC,2025,Cat,Other Intakes,5203
SAC 2024–2025,state/year/species,SC,2025,Cat,Transferred In,7918
SAC 2024–2025,state/year/species,SC,2025,Cat,Adoption,39426
SAC 2024–2025,state/year/species,SC,2025,Cat,Return to Owner,1689
SAC 2024–2025,state/year/species,SC,2025,Cat,Return to Field,7498
SAC 2024–2025,state/year/species,SC,2025,Cat,Other Live Outcomes,1192
SAC 2024–2025,state/year/species,SC,2025,Cat,Transferred Out,7495
SAC 2024–2025,state/year/species,SC,2025,Cat,Shelter Euthanasia,3921
SAC 2024–2025,state/year/species,SC,2025,Cat,Died in Care,1948
SAC 2024–2025,state/year/species,SC,2025,Cat,Lost in Care,266
SAC 2024–2025,state/year/species,SD,2024,Cat,Gross Intakes,14733
SAC 2024–2025,state/year/species,SD,2024,Cat,Community Intakes,13420
SAC 2024–2025,state/year/species,SD,2024,Cat,Gross Outcomes,14134
SAC 2024–2025,state/year/species,SD,2024,Cat,Stray at Large,8250
SAC 2024–2025,state/year/species,SD,2024,Cat,Relinquished by Owner,3890
SAC 2024–2025,state/year/species,SD,2024,Cat,Seized,233
SAC 2024–2025,state/year/species,SD,2024,Cat,Other Intakes,1046
SAC 2024–2025,state/year/species,SD,2024,Cat,Transferred In,1313
SAC 2024–2025,state/year/species,SD,2024,Cat,Adoption,8974
SAC 2024–2025,state/year/species,SD,2024,Cat,Return to Owner,528
SAC 2024–2025,state/year/species,SD,2024,Cat,Return to Field,1046
SAC 2024–2025,state/year/species,SD,2024,Cat,Other Live Outcomes,271
SAC 2024–2025,state/year/species,SD,2024,Cat,Transferred Out,1781
SAC 2024–2025,state/year/species,SD,2024,Cat,Shelter Euthanasia,1133
SAC 2024–2025,state/year/species,SD,2024,Cat,Died in Care,368
SAC 2024–2025,state/year/species,SD,2024,Cat,Lost in Care,34
SAC 2024–2025,state/year/species,SD,2025,Cat,Gross Intakes,13880
SAC 2024–2025,state/year/species,SD,2025,Cat,Community Intakes,12404
SAC 2024–2025,state/year/species,SD,2025,Cat,Gross Outcomes,12710
SAC 2024–2025,state/year/species,SD,2025,Cat,Stray at Large,7727
SAC 2024–2025,state/year/species,SD,2025,Cat,Relinquished by Owner,3608
SAC 2024–2025,state/year/species,SD,2025,Cat,Seized,294
SAC 2024–2025,state/year/species,SD,2025,Cat,Other Intakes,775
SAC 2024–2025,state/year/species,SD,2025,Cat,Transferred In,1476
SAC 2024–2025,state/year/species,SD,2025,Cat,Adoption,8044
SAC 2024–2025,state/year/species,SD,2025,Cat,Return to Owner,527
SAC 2024–2025,state/year/species,SD,2025,Cat,Return to Field,732
SAC 2024–2025,state/year/species,SD,2025,Cat,Other Live Outcomes,270
SAC 2024–2025,state/year/species,SD,2025,Cat,Transferred Out,1306
SAC 2024–2025,state/year/species,SD,2025,Cat,Shelter Euthanasia,1437
SAC 2024–2025,state/year/species,SD,2025,Cat,Died in Care,350
SAC 2024–2025,state/year/species,SD,2025,Cat,Lost in Care,43
SAC 2024–2025,state/year/species,TN,2024,Cat,Gross Intakes,82504
SAC 2024–2025,state/year/species,TN,2024,Cat,Community Intakes,71395
SAC 2024–2025,state/year/species,TN,2024,Cat,Gross Outcomes,79703
SAC 2024–2025,state/year/species,TN,2024,Cat,Stray at Large,43880
SAC 2024–2025,state/year/species,TN,2024,Cat,Relinquished by Owner,19652
SAC 2024–2025,state/year/species,TN,2024,Cat,Seized,1092
SAC 2024–2025,state/year/species,TN,2024,Cat,Other Intakes,6772
SAC 2024–2025,state/year/species,TN,2024,Cat,Transferred In,11109
SAC 2024–2025,state/year/species,TN,2024,Cat,Adoption,52346
SAC 2024–2025,state/year/species,TN,2024,Cat,Return to Owner,2361
SAC 2024–2025,state/year/species,TN,2024,Cat,Return to Field,5426
SAC 2024–2025,state/year/species,TN,2024,Cat,Other Live Outcomes,2612
SAC 2024–2025,state/year/species,TN,2024,Cat,Transferred Out,8454
SAC 2024–2025,state/year/species,TN,2024,Cat,Shelter Euthanasia,5714
SAC 2024–2025,state/year/species,TN,2024,Cat,Died in Care,2616
SAC 2024–2025,state/year/species,TN,2024,Cat,Lost in Care,172
SAC 2024–2025,state/year/species,TN,2025,Cat,Gross Intakes,84936
SAC 2024–2025,state/year/species,TN,2025,Cat,Community Intakes,74315
SAC 2024–2025,state/year/species,TN,2025,Cat,Gross Outcomes,82582
SAC 2024–2025,state/year/species,TN,2025,Cat,Stray at Large,44908
SAC 2024–2025,state/year/species,TN,2025,Cat,Relinquished by Owner,20936
SAC 2024–2025,state/year/species,TN,2025,Cat,Seized,1256
SAC 2024–2025,state/year/species,TN,2025,Cat,Other Intakes,7215
SAC 2024–2025,state/year/species,TN,2025,Cat,Transferred In,10621
SAC 2024–2025,state/year/species,TN,2025,Cat,Adoption,54333
SAC 2024–2025,state/year/species,TN,2025,Cat,Return to Owner,2678
SAC 2024–2025,state/year/species,TN,2025,Cat,Return to Field,5904
SAC 2024–2025,state/year/species,TN,2025,Cat,Other Live Outcomes,2763
SAC 2024–2025,state/year/species,TN,2025,Cat,Transferred Out,8252
SAC 2024–2025,state/year/species,TN,2025,Cat,Shelter Euthanasia,5712
SAC 2024–2025,state/year/species,TN,2025,Cat,Died in Care,2463
SAC 2024–2025,state/year/species,TN,2025,Cat,Lost in Care,476
SAC 2024–2025,state/year/species,TX,2024,Cat,Gross Intakes,384227
SAC 2024–2025,state/year/species,TX,2024,Cat,Community Intakes,315953
SAC 2024–2025,state/year/species,TX,2024,Cat,Gross Outcomes,317372
SAC 2024–2025,state/year/species,TX,2024,Cat,Stray at Large,201983
SAC 2024–2025,state/year/species,TX,2024,Cat,Relinquished by Owner,80183
SAC 2024–2025,state/year/species,TX,2024,Cat,Seized,5129
SAC 2024–2025,state/year/species,TX,2024,Cat,Other Intakes,28658
SAC 2024–2025,state/year/species,TX,2024,Cat,Transferred In,68275
SAC 2024–2025,state/year/species,TX,2024,Cat,Adoption,180648
SAC 2024–2025,state/year/species,TX,2024,Cat,Return to Owner,8539
SAC 2024–2025,state/year/species,TX,2024,Cat,Return to Field,28944
SAC 2024–2025,state/year/species,TX,2024,Cat,Other Live Outcomes,6122
SAC 2024–2025,state/year/species,TX,2024,Cat,Transferred Out,51405
SAC 2024–2025,state/year/species,TX,2024,Cat,Shelter Euthanasia,28015
SAC 2024–2025,state/year/species,TX,2024,Cat,Died in Care,11864
SAC 2024–2025,state/year/species,TX,2024,Cat,Lost in Care,1834
SAC 2024–2025,state/year/species,TX,2025,Cat,Gross Intakes,392968
SAC 2024–2025,state/year/species,TX,2025,Cat,Community Intakes,319564
SAC 2024–2025,state/year/species,TX,2025,Cat,Gross Outcomes,325913
SAC 2024–2025,state/year/species,TX,2025,Cat,Stray at Large,203800
SAC 2024–2025,state/year/species,TX,2025,Cat,Relinquished by Owner,79274
SAC 2024–2025,state/year/species,TX,2025,Cat,Seized,5284
SAC 2024–2025,state/year/species,TX,2025,Cat,Other Intakes,31206
SAC 2024–2025,state/year/species,TX,2025,Cat,Transferred In,73403
SAC 2024–2025,state/year/species,TX,2025,Cat,Adoption,184388
SAC 2024–2025,state/year/species,TX,2025,Cat,Return to Owner,8889
SAC 2024–2025,state/year/species,TX,2025,Cat,Return to Field,28248
SAC 2024–2025,state/year/species,TX,2025,Cat,Other Live Outcomes,6493
SAC 2024–2025,state/year/species,TX,2025,Cat,Transferred Out,52916
SAC 2024–2025,state/year/species,TX,2025,Cat,Shelter Euthanasia,28789
SAC 2024–2025,state/year/species,TX,2025,Cat,Died in Care,11411
SAC 2024–2025,state/year/species,TX,2025,Cat,Lost in Care,1672
SAC 2024–2025,state/year/species,UT,2024,Cat,Gross Intakes,46098
SAC 2024–2025,state/year/species,UT,2024,Cat,Community Intakes,38259
SAC 2024–2025,state/year/species,UT,2024,Cat,Gross Outcomes,44629
SAC 2024–2025,state/year/species,UT,2024,Cat,Stray at Large,24025
SAC 2024–2025,state/year/species,UT,2024,Cat,Relinquished by Owner,9425
SAC 2024–2025,state/year/species,UT,2024,Cat,Seized,1349
SAC 2024–2025,state/year/species,UT,2024,Cat,Other Intakes,3460
SAC 2024–2025,state/year/species,UT,2024,Cat,Transferred In,7839
SAC 2024–2025,state/year/species,UT,2024,Cat,Adoption,26452
SAC 2024–2025,state/year/species,UT,2024,Cat,Return to Owner,1625
SAC 2024–2025,state/year/species,UT,2024,Cat,Return to Field,5267
SAC 2024–2025,state/year/species,UT,2024,Cat,Other Live Outcomes,988
SAC 2024–2025,state/year/species,UT,2024,Cat,Transferred Out,5711
SAC 2024–2025,state/year/species,UT,2024,Cat,Shelter Euthanasia,3271
SAC 2024–2025,state/year/species,UT,2024,Cat,Died in Care,1245
SAC 2024–2025,state/year/species,UT,2024,Cat,Lost in Care,69
SAC 2024–2025,state/year/species,UT,2025,Cat,Gross Intakes,47392
SAC 2024–2025,state/year/species,UT,2025,Cat,Community Intakes,41401
SAC 2024–2025,state/year/species,UT,2025,Cat,Gross Outcomes,46252
SAC 2024–2025,state/year/species,UT,2025,Cat,Stray at Large,24652
SAC 2024–2025,state/year/species,UT,2025,Cat,Relinquished by Owner,10735
SAC 2024–2025,state/year/species,UT,2025,Cat,Seized,1607
SAC 2024–2025,state/year/species,UT,2025,Cat,Other Intakes,4408
SAC 2024–2025,state/year/species,UT,2025,Cat,Transferred In,5990
SAC 2024–2025,state/year/species,UT,2025,Cat,Adoption,26910
SAC 2024–2025,state/year/species,UT,2025,Cat,Return to Owner,1971
SAC 2024–2025,state/year/species,UT,2025,Cat,Return to Field,5844
SAC 2024–2025,state/year/species,UT,2025,Cat,Other Live Outcomes,1404
SAC 2024–2025,state/year/species,UT,2025,Cat,Transferred Out,5253
SAC 2024–2025,state/year/species,UT,2025,Cat,Shelter Euthanasia,3532
SAC 2024–2025,state/year/species,UT,2025,Cat,Died in Care,1186
SAC 2024–2025,state/year/species,UT,2025,Cat,Lost in Care,153
SAC 2024–2025,state/year/species,VA,2024,Cat,Gross Intakes,83051
SAC 2024–2025,state/year/species,VA,2024,Cat,Community Intakes,61981
SAC 2024–2025,state/year/species,VA,2024,Cat,Gross Outcomes,82534
SAC 2024–2025,state/year/species,VA,2024,Cat,Stray at Large,34185
SAC 2024–2025,state/year/species,VA,2024,Cat,Relinquished by Owner,22366
SAC 2024–2025,state/year/species,VA,2024,Cat,Seized,774
SAC 2024–2025,state/year/species,VA,2024,Cat,Other Intakes,4655
SAC 2024–2025,state/year/species,VA,2024,Cat,Transferred In,21070
SAC 2024–2025,state/year/species,VA,2024,Cat,Adoption,57361
SAC 2024–2025,state/year/species,VA,2024,Cat,Return to Owner,2223
SAC 2024–2025,state/year/species,VA,2024,Cat,Return to Field,4386
SAC 2024–2025,state/year/species,VA,2024,Cat,Other Live Outcomes,726
SAC 2024–2025,state/year/species,VA,2024,Cat,Transferred Out,10024
SAC 2024–2025,state/year/species,VA,2024,Cat,Shelter Euthanasia,5554
SAC 2024–2025,state/year/species,VA,2024,Cat,Died in Care,2124
SAC 2024–2025,state/year/species,VA,2024,Cat,Lost in Care,137
SAC 2024–2025,state/year/species,VA,2025,Cat,Gross Intakes,84238
SAC 2024–2025,state/year/species,VA,2025,Cat,Community Intakes,62842
SAC 2024–2025,state/year/species,VA,2025,Cat,Gross Outcomes,85455
SAC 2024–2025,state/year/species,VA,2025,Cat,Stray at Large,34356
SAC 2024–2025,state/year/species,VA,2025,Cat,Relinquished by Owner,23464
SAC 2024–2025,state/year/species,VA,2025,Cat,Seized,926
SAC 2024–2025,state/year/species,VA,2025,Cat,Other Intakes,4096
SAC 2024–2025,state/year/species,VA,2025,Cat,Transferred In,21396
SAC 2024–2025,state/year/species,VA,2025,Cat,Adoption,59770
SAC 2024–2025,state/year/species,VA,2025,Cat,Return to Owner,2229
SAC 2024–2025,state/year/species,VA,2025,Cat,Return to Field,4540
SAC 2024–2025,state/year/species,VA,2025,Cat,Other Live Outcomes,754
SAC 2024–2025,state/year/species,VA,2025,Cat,Transferred Out,9911
SAC 2024–2025,state/year/species,VA,2025,Cat,Shelter Euthanasia,5678
SAC 2024–2025,state/year/species,VA,2025,Cat,Died in Care,2193
SAC 2024–2025,state/year/species,VA,2025,Cat,Lost in Care,381
SAC 2024–2025,state/year/species,VI,2024,Cat,Gross Intakes,1533
SAC 2024–2025,state/year/species,VI,2024,Cat,Community Intakes,1521
SAC 2024–2025,state/year/species,VI,2024,Cat,Gross Outcomes,1685
SAC 2024–2025,state/year/species,VI,2024,Cat,Stray at Large,1231
SAC 2024–2025,state/year/species,VI,2024,Cat,Relinquished by Owner,142
SAC 2024–2025,state/year/species,VI,2024,Cat,Seized,10
SAC 2024–2025,state/year/species,VI,2024,Cat,Other Intakes,138
SAC 2024–2025,state/year/species,VI,2024,Cat,Transferred In,12
SAC 2024–2025,state/year/species,VI,2024,Cat,Adoption,417
SAC 2024–2025,state/year/species,VI,2024,Cat,Return to Owner,23
SAC 2024–2025,state/year/species,VI,2024,Cat,Return to Field,704
SAC 2024–2025,state/year/species,VI,2024,Cat,Other Live Outcomes,9
SAC 2024–2025,state/year/species,VI,2024,Cat,Transferred Out,307
SAC 2024–2025,state/year/species,VI,2024,Cat,Shelter Euthanasia,76
SAC 2024–2025,state/year/species,VI,2024,Cat,Died in Care,141
SAC 2024–2025,state/year/species,VI,2024,Cat,Lost in Care,8
SAC 2024–2025,state/year/species,VI,2025,Cat,Gross Intakes,556
SAC 2024–2025,state/year/species,VI,2025,Cat,Community Intakes,556
SAC 2024–2025,state/year/species,VI,2025,Cat,Gross Outcomes,728
SAC 2024–2025,state/year/species,VI,2025,Cat,Stray at Large,439
SAC 2024–2025,state/year/species,VI,2025,Cat,Relinquished by Owner,81
SAC 2024–2025,state/year/species,VI,2025,Cat,Seized,29
SAC 2024–2025,state/year/species,VI,2025,Cat,Other Intakes,7
SAC 2024–2025,state/year/species,VI,2025,Cat,Transferred In,0
SAC 2024–2025,state/year/species,VI,2025,Cat,Adoption,451
SAC 2024–2025,state/year/species,VI,2025,Cat,Return to Owner,40
SAC 2024–2025,state/year/species,VI,2025,Cat,Return to Field,3
SAC 2024–2025,state/year/species,VI,2025,Cat,Other Live Outcomes,6
SAC 2024–2025,state/year/species,VI,2025,Cat,Transferred Out,89
SAC 2024–2025,state/year/species,VI,2025,Cat,Shelter Euthanasia,70
SAC 2024–2025,state/year/species,VI,2025,Cat,Died in Care,48
SAC 2024–2025,state/year/species,VI,2025,Cat,Lost in Care,21
SAC 2024–2025,state/year/species,VT,2024,Cat,Gross Intakes,6850
SAC 2024–2025,state/year/species,VT,2024,Cat,Community Intakes,5328
SAC 2024–2025,state/year/species,VT,2024,Cat,Gross Outcomes,7093
SAC 2024–2025,state/year/species,VT,2024,Cat,Stray at Large,1863
SAC 2024–2025,state/year/species,VT,2024,Cat,Relinquished by Owner,2935
SAC 2024–2025,state/year/species,VT,2024,Cat,Seized,29
SAC 2024–2025,state/year/species,VT,2024,Cat,Other Intakes,501
SAC 2024–2025,state/year/species,VT,2024,Cat,Transferred In,1522
SAC 2024–2025,state/year/species,VT,2024,Cat,Adoption,6144
SAC 2024–2025,state/year/species,VT,2024,Cat,Return to Owner,229
SAC 2024–2025,state/year/species,VT,2024,Cat,Return to Field,104
SAC 2024–2025,state/year/species,VT,2024,Cat,Other Live Outcomes,42
SAC 2024–2025,state/year/species,VT,2024,Cat,Transferred Out,188
SAC 2024–2025,state/year/species,VT,2024,Cat,Shelter Euthanasia,258
SAC 2024–2025,state/year/species,VT,2024,Cat,Died in Care,123
SAC 2024–2025,state/year/species,VT,2024,Cat,Lost in Care,6
SAC 2024–2025,state/year/species,VT,2025,Cat,Gross Intakes,6283
SAC 2024–2025,state/year/species,VT,2025,Cat,Community Intakes,4830
SAC 2024–2025,state/year/species,VT,2025,Cat,Gross Outcomes,6716
SAC 2024–2025,state/year/species,VT,2025,Cat,Stray at Large,1687
SAC 2024–2025,state/year/species,VT,2025,Cat,Relinquished by Owner,2748
SAC 2024–2025,state/year/species,VT,2025,Cat,Seized,28
SAC 2024–2025,state/year/species,VT,2025,Cat,Other Intakes,368
SAC 2024–2025,state/year/species,VT,2025,Cat,Transferred In,1452
SAC 2024–2025,state/year/species,VT,2025,Cat,Adoption,5779
SAC 2024–2025,state/year/species,VT,2025,Cat,Return to Owner,209
SAC 2024–2025,state/year/species,VT,2025,Cat,Return to Field,123
SAC 2024–2025,state/year/species,VT,2025,Cat,Other Live Outcomes,35
SAC 2024–2025,state/year/species,VT,2025,Cat,Transferred Out,213
SAC 2024–2025,state/year/species,VT,2025,Cat,Shelter Euthanasia,226
SAC 2024–2025,state/year/species,VT,2025,Cat,Died in Care,109
SAC 2024–2025,state/year/species,VT,2025,Cat,Lost in Care,21
SAC 2024–2025,state/year/species,WA,2024,Cat,Gross Intakes,80395
SAC 2024–2025,state/year/species,WA,2024,Cat,Community Intakes,64047
SAC 2024–2025,state/year/species,WA,2024,Cat,Gross Outcomes,80478
SAC 2024–2025,state/year/species,WA,2024,Cat,Stray at Large,38031
SAC 2024–2025,state/year/species,WA,2024,Cat,Relinquished by Owner,20906
SAC 2024–2025,state/year/species,WA,2024,Cat,Seized,827
SAC 2024–2025,state/year/species,WA,2024,Cat,Other Intakes,4283
SAC 2024–2025,state/year/species,WA,2024,Cat,Transferred In,16348
SAC 2024–2025,state/year/species,WA,2024,Cat,Adoption,61301
SAC 2024–2025,state/year/species,WA,2024,Cat,Return to Owner,2142
SAC 2024–2025,state/year/species,WA,2024,Cat,Return to Field,3513
SAC 2024–2025,state/year/species,WA,2024,Cat,Other Live Outcomes,639
SAC 2024–2025,state/year/species,WA,2024,Cat,Transferred Out,6573
SAC 2024–2025,state/year/species,WA,2024,Cat,Shelter Euthanasia,4271
SAC 2024–2025,state/year/species,WA,2024,Cat,Died in Care,1846
SAC 2024–2025,state/year/species,WA,2024,Cat,Lost in Care,193
SAC 2024–2025,state/year/species,WA,2025,Cat,Gross Intakes,84446
SAC 2024–2025,state/year/species,WA,2025,Cat,Community Intakes,67090
SAC 2024–2025,state/year/species,WA,2025,Cat,Gross Outcomes,83499
SAC 2024–2025,state/year/species,WA,2025,Cat,Stray at Large,38417
SAC 2024–2025,state/year/species,WA,2025,Cat,Relinquished by Owner,23860
SAC 2024–2025,state/year/species,WA,2025,Cat,Seized,895
SAC 2024–2025,state/year/species,WA,2025,Cat,Other Intakes,3919
SAC 2024–2025,state/year/species,WA,2025,Cat,Transferred In,17356
SAC 2024–2025,state/year/species,WA,2025,Cat,Adoption,63617
SAC 2024–2025,state/year/species,WA,2025,Cat,Return to Owner,2342
SAC 2024–2025,state/year/species,WA,2025,Cat,Return to Field,3270
SAC 2024–2025,state/year/species,WA,2025,Cat,Other Live Outcomes,647
SAC 2024–2025,state/year/species,WA,2025,Cat,Transferred Out,6592
SAC 2024–2025,state/year/species,WA,2025,Cat,Shelter Euthanasia,4678
SAC 2024–2025,state/year/species,WA,2025,Cat,Died in Care,2077
SAC 2024–2025,state/year/species,WA,2025,Cat,Lost in Care,275
SAC 2024–2025,state/year/species,WI,2024,Cat,Gross Intakes,66425
SAC 2024–2025,state/year/species,WI,2024,Cat,Community Intakes,57992
SAC 2024–2025,state/year/species,WI,2024,Cat,Gross Outcomes,65008
SAC 2024–2025,state/year/species,WI,2024,Cat,Stray at Large,34628
SAC 2024–2025,state/year/species,WI,2024,Cat,Relinquished by Owner,19636
SAC 2024–2025,state/year/species,WI,2024,Cat,Seized,518
SAC 2024–2025,state/year/species,WI,2024,Cat,Other Intakes,3211
SAC 2024–2025,state/year/species,WI,2024,Cat,Transferred In,8433
SAC 2024–2025,state/year/species,WI,2024,Cat,Adoption,47884
SAC 2024–2025,state/year/species,WI,2024,Cat,Return to Owner,3290
SAC 2024–2025,state/year/species,WI,2024,Cat,Return to Field,2335
SAC 2024–2025,state/year/species,WI,2024,Cat,Other Live Outcomes,934
SAC 2024–2025,state/year/species,WI,2024,Cat,Transferred Out,4140
SAC 2024–2025,state/year/species,WI,2024,Cat,Shelter Euthanasia,4815
SAC 2024–2025,state/year/species,WI,2024,Cat,Died in Care,1574
SAC 2024–2025,state/year/species,WI,2024,Cat,Lost in Care,36
SAC 2024–2025,state/year/species,WI,2025,Cat,Gross Intakes,69270
SAC 2024–2025,state/year/species,WI,2025,Cat,Community Intakes,60330
SAC 2024–2025,state/year/species,WI,2025,Cat,Gross Outcomes,67973
SAC 2024–2025,state/year/species,WI,2025,Cat,Stray at Large,33800
SAC 2024–2025,state/year/species,WI,2025,Cat,Relinquished by Owner,22454
SAC 2024–2025,state/year/species,WI,2025,Cat,Seized,596
SAC 2024–2025,state/year/species,WI,2025,Cat,Other Intakes,3480
SAC 2024–2025,state/year/species,WI,2025,Cat,Transferred In,8940
SAC 2024–2025,state/year/species,WI,2025,Cat,Adoption,50404
SAC 2024–2025,state/year/species,WI,2025,Cat,Return to Owner,3453
SAC 2024–2025,state/year/species,WI,2025,Cat,Return to Field,2333
SAC 2024–2025,state/year/species,WI,2025,Cat,Other Live Outcomes,1141
SAC 2024–2025,state/year/species,WI,2025,Cat,Transferred Out,4217
SAC 2024–2025,state/year/species,WI,2025,Cat,Shelter Euthanasia,4667
SAC 2024–2025,state/year/species,WI,2025,Cat,Died in Care,1589
SAC 2024–2025,state/year/species,WI,2025,Cat,Lost in Care,168
SAC 2024–2025,state/year/species,WV,2024,Cat,Gross Intakes,21113
SAC 2024–2025,state/year/species,WV,2024,Cat,Community Intakes,17685
SAC 2024–2025,state/year/species,WV,2024,Cat,Gross Outcomes,21192
SAC 2024–2025,state/year/species,WV,2024,Cat,Stray at Large,11276
SAC 2024–2025,state/year/species,WV,2024,Cat,Relinquished by Owner,4965
SAC 2024–2025,state/year/species,WV,2024,Cat,Seized,216
SAC 2024–2025,state/year/species,WV,2024,Cat,Other Intakes,1228
SAC 2024–2025,state/year/species,WV,2024,Cat,Transferred In,3428
SAC 2024–2025,state/year/species,WV,2024,Cat,Adoption,12923
SAC 2024–2025,state/year/species,WV,2024,Cat,Return to Owner,409
SAC 2024–2025,state/year/species,WV,2024,Cat,Return to Field,1075
SAC 2024–2025,state/year/species,WV,2024,Cat,Other Live Outcomes,227
SAC 2024–2025,state/year/species,WV,2024,Cat,Transferred Out,4504
SAC 2024–2025,state/year/species,WV,2024,Cat,Shelter Euthanasia,1289
SAC 2024–2025,state/year/species,WV,2024,Cat,Died in Care,727
SAC 2024–2025,state/year/species,WV,2024,Cat,Lost in Care,39
SAC 2024–2025,state/year/species,WV,2025,Cat,Gross Intakes,21583
SAC 2024–2025,state/year/species,WV,2025,Cat,Community Intakes,17611
SAC 2024–2025,state/year/species,WV,2025,Cat,Gross Outcomes,22195
SAC 2024–2025,state/year/species,WV,2025,Cat,Stray at Large,11097
SAC 2024–2025,state/year/species,WV,2025,Cat,Relinquished by Owner,5031
SAC 2024–2025,state/year/species,WV,2025,Cat,Seized,198
SAC 2024–2025,state/year/species,WV,2025,Cat,Other Intakes,1285
SAC 2024–2025,state/year/species,WV,2025,Cat,Transferred In,3972
SAC 2024–2025,state/year/species,WV,2025,Cat,Adoption,13237
SAC 2024–2025,state/year/species,WV,2025,Cat,Return to Owner,529
SAC 2024–2025,state/year/species,WV,2025,Cat,Return to Field,1021
SAC 2024–2025,state/year/species,WV,2025,Cat,Other Live Outcomes,330
SAC 2024–2025,state/year/species,WV,2025,Cat,Transferred Out,4780
SAC 2024–2025,state/year/species,WV,2025,Cat,Shelter Euthanasia,1275
SAC 2024–2025,state/year/species,WV,2025,Cat,Died in Care,927
SAC 2024–2025,state/year/species,WV,2025,Cat,Lost in Care,95
SAC 2024–2025,state/year/species,WY,2024,Cat,Gross Intakes,15014
SAC 2024–2025,state/year/species,WY,2024,Cat,Community Intakes,13629
SAC 2024–2025,state/year/species,WY,2024,Cat,Gross Outcomes,14645
SAC 2024–2025,state/year/species,WY,2024,Cat,Stray at Large,8769
SAC 2024–2025,state/year/species,WY,2024,Cat,Relinquished by Owner,3534
SAC 2024–2025,state/year/species,WY,2024,Cat,Seized,253
SAC 2024–2025,state/year/species,WY,2024,Cat,Other Intakes,1073
SAC 2024–2025,state/year/species,WY,2024,Cat,Transferred In,1384
SAC 2024–2025,state/year/species,WY,2024,Cat,Adoption,9253
SAC 2024–2025,state/year/species,WY,2024,Cat,Return to Owner,677
SAC 2024–2025,state/year/species,WY,2024,Cat,Return to Field,1084
SAC 2024–2025,state/year/species,WY,2024,Cat,Other Live Outcomes,270
SAC 2024–2025,state/year/species,WY,2024,Cat,Transferred Out,1560
SAC 2024–2025,state/year/species,WY,2024,Cat,Shelter Euthanasia,1360
SAC 2024–2025,state/year/species,WY,2024,Cat,Died in Care,405
SAC 2024–2025,state/year/species,WY,2024,Cat,Lost in Care,36
SAC 2024–2025,state/year/species,WY,2025,Cat,Gross Intakes,14591
SAC 2024–2025,state/year/species,WY,2025,Cat,Community Intakes,13109
SAC 2024–2025,state/year/species,WY,2025,Cat,Gross Outcomes,14345
SAC 2024–2025,state/year/species,WY,2025,Cat,Stray at Large,8332
SAC 2024–2025,state/year/species,WY,2025,Cat,Relinquished by Owner,3591
SAC 2024–2025,state/year/species,WY,2025,Cat,Seized,235
SAC 2024–2025,state/year/species,WY,2025,Cat,Other Intakes,951
SAC 2024–2025,state/year/species,WY,2025,Cat,Transferred In,1482
SAC 2024–2025,state/year/species,WY,2025,Cat,Adoption,9042
SAC 2024–2025,state/year/species,WY,2025,Cat,Return to Owner,612
SAC 2024–2025,state/year/species,WY,2025,Cat,Return to Field,1081
SAC 2024–2025,state/year/species,WY,2025,Cat,Other Live Outcomes,266
SAC 2024–2025,state/year/species,WY,2025,Cat,Transferred Out,1554
SAC 2024–2025,state/year/species,WY,2025,Cat,Shelter Euthanasia,1315
SAC 2024–2025,state/year/species,WY,2025,Cat,Died in Care,430
SAC 2024–2025,state/year/species,WY,2025,Cat,Lost in Care,45
